SourceName,Role,TargetName
ERNST & YOUNG INC,Audit Firm,ABSA BANK LIMITED
PRICEWATERHOUSECOOPERS INC,Audit Firm,ABSA BANK LIMITED
JP Morgan Equities Ltd,Sponsor,ABSA BANK LIMITED
Computershare Investor Services (Pty) Ltd,Transfer Secretary,ABSA BANK LIMITED
NEXIA SAB & T,Audit Firm,1TIME HOLDINGS LIMITED
MERCHANTEC CAPITAL,Sponsor,1TIME HOLDINGS LIMITED
Computershare Investor Services (Pty) Ltd,Transfer Secretary,1TIME HOLDINGS LIMITED
KPMG Services (Pty) Ltd,Sponsor,ACCELERATE PROPERTY FUND LTD
Computershare Investor Services (Pty) Ltd,Transfer Secretary,ACCELERATE PROPERTY FUND LTD
RSM BETTY & DICKSON,Audit Firm,ADRENNA PROPERTY GROUP LIMITED
Computershare Investor Services (Pty) Ltd,Transfer Secretary,ADRENNA PROPERTY GROUP LIMITED
ABSA CAPITAL,Debt Sponsor,ABSA BANK LIMITED
RAND MERCHANT BANK,Debt Sponsor,ADCORP HOLDINGS LIMITED
Transfer Secretaries,Transfer Secretary,ADCORP HOLDINGS LIMITED
ERNST & YOUNG INC,Audit Firm,ADCOCK INGRAM HOLDINGS LIMITED
Deutsche Securities SA (Pty) Ltd,Sponsor,ADCOCK INGRAM HOLDINGS LIMITED
Computershare Investor Services (Pty) Ltd,Transfer Secretary,ADCOCK INGRAM HOLDINGS LIMITED
KPMG INCORPORATED,Audit Firm,A E C I LIMITED
Computershare Investor Services (Pty) Ltd,Transfer Secretary,A E C I LIMITED
Mazars Inc.,Audit Firm,ACCENTUATE LIMITED
Bridge Capital Advisors (Pty) Ltd,Designated Advisor,ACCENTUATE LIMITED
Link Market Services SA (Pty) Ltd,Transfer Secretary,AFRICAN BANK INVESTMENTS LIMITED
Computershare Investor Services (Pty) Ltd,Transfer Secretary,ACCENTUATE LIMITED
Computershare Investor Services (Pty) Ltd,Transfer Secretary,ABSA CAPITAL
ABSA CAPITAL,Debt Sponsor,ABSA BANK LIMITED
Computershare Investor Services (Pty) Ltd,Transfer Secretary,ABSA BANK LIMITED
NEXIA SAB & T,Audit Firm,AFRICA CELLULAR TOWERS LIMITED
Computershare Investor Services (Pty) Ltd,Transfer Secretary,AFRICA CELLULAR TOWERS LIMITED
THE STANDARD BANK OF SA LTD,Sponsor,AFRICA ETF ISSUER LTD (RF)
Transfer Secretaries,Transfer Secretary,AFRICA ETF ISSUER LTD (RF)
KPMG INCORPORATED,Audit Firm,AFRICAN AND OVERSEAS ENTERPRISES LD
Computershare Investor Services (Pty) Ltd,Transfer Secretary,AFRICAN AND OVERSEAS ENTERPRISES LD
GRANT THORNTON,Audit Firm,AFRICAN DAWN CAPITAL LIMITED
Sasfin Bank Ltd,Designated Advisor,AFRICAN DAWN CAPITAL LIMITED
Computershare Investor Services (Pty) Ltd,Transfer Secretary,AFRICAN DAWN CAPITAL LIMITED
DELOITTE & TOUCHE,Audit Firm,ADAPT IT HOLDINGS LIMITED
MERCHANTEC CAPITAL,Sponsor,ADAPT IT HOLDINGS LIMITED
Computershare Investor Services (Pty) Ltd,Transfer Secretary,ADAPT IT HOLDINGS LIMITED
DELOITTE & TOUCHE,Audit Firm,ADCORP HOLDINGS LIMITED
Deloitte & Touche Sponsor Services (Pty) Ltd,Sponsor,ADCORP HOLDINGS LIMITED
Computershare Investor Services (Pty) Ltd,Transfer Secretary,ADCORP HOLDINGS LIMITED
Link Market Services SA (Pty) Ltd,Transfer Secretary,ADCORP HOLDINGS LIMITED
Transfer Secretaries,Transfer Secretary,AFRICAN DEVELOPMENT BANK
DELOITTE & TOUCHE,Audit Firm,AFRICAN BANK INVESTMENTS LIMITED
Rand Merchant Bank Corporate Finance Division,Sponsor,AFRICAN BANK INVESTMENTS LIMITED
Link Market Services SA (Pty) Ltd,Transfer Secretary,AFRICAN BANK INVESTMENTS LIMITED
Transfer Secretaries,Transfer Secretary,AFRICAN BANK LIMITED
KPMG INCORPORATED,Audit Firm,ACUCAP PROPERTIES LIMITED
QUESTCO (PTY) LIMITED,Sponsor,ACUCAP PROPERTIES LIMITED
ABSA CAPITAL,Sponsor,ACUCAP PROPERTIES LIMITED
Computershare Investor Services (Pty) Ltd,Transfer Secretary,ACUCAP PROPERTIES LIMITED
MERCHANTEC CAPITAL,Designated Advisor,AFRICAN EAGLE RESOURCES PLC
Computershare Investor Services (Pty) Ltd,Transfer Secretary,AFRICAN EAGLE RESOURCES PLC
Transfer Secretaries,Transfer Secretary,ACCOUNT ON US (PTY) LTD
DELOITTE & TOUCHE,Audit Firm,ADVTECH LIMITED
Bridge Capital Advisors  (Pty) Ltd,Sponsor,ADVTECH LIMITED
Link Market Services SA (Pty) Ltd,Transfer Secretary,ADVTECH LIMITED
PKF SOUTH AFRICA,Audit Firm,AFRICAN MEDIA ENTERTAINMENT LIMITED
ARCAY MOELA SPONSOR (PTY) LTD,Sponsor,AFRICAN MEDIA ENTERTAINMENT LIMITED
Computershare Investor Services (Pty) Ltd,Transfer Secretary,AFRICAN MEDIA ENTERTAINMENT LIMITED
Mazars Inc.,Audit Firm,ADVANCED HEALTH LIMITED
ARCAY MOELA SPONSOR (PTY) LTD,Sponsor,ADVANCED HEALTH LIMITED
Java Capital Trustees & Sponsors Pty Ltd,Sponsor,ABSA CAPITAL
Strate,Transfer Secretary,ABSA CAPITAL
KPMG INCORPORATED,Audit Firm,AFRICAN OXYGEN LIMITED
ONE CAPITAL (Pty) Ltd,Sponsor,AFRICAN OXYGEN LIMITED
Computershare Investor Services (Pty) Ltd,Transfer Secretary,AFRICAN OXYGEN LIMITED
ERNST & YOUNG INC,Audit Firm,AFRICAN RAINBOW MINERALS LIMITED
Deutsche Securities SA (Pty) Ltd,Sponsor,AFRICAN RAINBOW MINERALS LIMITED
Computershare Investor Services (Pty) Ltd,Transfer Secretary,AFRICAN RAINBOW MINERALS LIMITED
Mazars Inc.,Audit Firm,AFRIMAT LIMITED
Bridge Capital Advisors  (Pty) Ltd,Sponsor,AFRIMAT LIMITED
Computershare Investor Services (Pty) Ltd,Transfer Secretary,AFRIMAT LIMITED
NEXIA SAB & T,Audit Firm,AH-VEST LIMITED
ARCAY MOELA SPONSOR (PTY) LTD,Designated Advisor,AH-VEST LIMITED
Computershare Investor Services (Pty) Ltd,Transfer Secretary,AH-VEST LIMITED
Transfer Secretaries,Transfer Secretary,Airports Company South Africa SOC Ltd
PRICEWATERHOUSECOOPERS INC,Audit Firm,ALEXANDER FORBES PREF SHARE INV LTD
Rand Merchant Bank Corporate Finance Division,Sponsor,ALEXANDER FORBES PREF SHARE INV LTD
Computershare Investor Services (Pty) Ltd,Transfer Secretary,ALEXANDER FORBES PREF SHARE INV LTD
Computershare Investor Services (Pty) Ltd,Transfer Secretary,ALLIANCE MINING CORPORATION LIMITED
KPMG INCORPORATED,Audit Firm,ALERT STEEL HOLDINGS LIMITED
Exchange Sponsors (2008)(Pty) Ltd,Designated Advisor,ALERT STEEL HOLDINGS LIMITED
Computershare Investor Services (Pty) Ltd,Transfer Secretary,ALERT STEEL HOLDINGS LIMITED
Link Market Services SA (Pty) Ltd,Transfer Secretary,AMBER HOUSE FUND 1 (RF) LIMITED
KPMG INCORPORATED,Audit Firm,ALLIED ELECTRONICS CORPORATION LTD
Investec Bank Ltd ( Trading as Investec Securities and Investec Corporate Finance ),Sponsor,ALLIED ELECTRONICS CORPORATION LTD
Computershare Investor Services (Pty) Ltd,Transfer Secretary,ALLIED ELECTRONICS CORPORATION LTD
Mazars Inc.,Audit Firm,AMALGAMATED ELECTRONIC CORP LTD
Link Market Services SA (Pty) Ltd,Transfer Secretary,AMALGAMATED ELECTRONIC CORP LTD
THE STANDARD BANK OF SA LTD,Debt Sponsor,AMBER HOUSE FUND 2 (RF) LTD
Transfer Secretaries,Transfer Secretary,AMBER HOUSE FUND 2 (RF) LTD
BDO SOUTH AFRICA INCORPORATED,Audit Firm,ANDULELA INVESTMENT HOLDINGS LTD
Java Capital Trustees & Sponsors Pty Ltd,Sponsor,ANDULELA INVESTMENT HOLDINGS LTD
Link Market Services SA (Pty) Ltd,Transfer Secretary,ANDULELA INVESTMENT HOLDINGS LTD
DELOITTE & TOUCHE,Audit Firm,ANGLO AMERICAN PLAT LTD
Rand Merchant Bank Corporate Finance Division,Sponsor,ANGLO AMERICAN PLAT LTD
Computershare Investor Services (Pty) Ltd,Transfer Secretary,ANGLO AMERICAN PLAT LTD
DELOITTE & TOUCHE,Audit Firm,ANGLO AMERICAN PLC
UBS Corporate Finance (South Africa) (Pty) Ltd,Sponsor,ANGLO AMERICAN PLC
Link Market Services SA (Pty) Ltd,Transfer Secretary,ANGLO AMERICAN PLC
ERNST & YOUNG INC,Audit Firm,ANGLOGOLD ASHANTI LIMITED
UBS Corporate Finance (South Africa) (Pty) Ltd,Sponsor,ANGLOGOLD ASHANTI LIMITED
Computershare Investor Services (Pty) Ltd,Transfer Secretary,ANGLOGOLD ASHANTI LIMITED
PKF SOUTH AFRICA,Audit Firm,ANNUITY PROPERTIES LTD
Link Market Services SA (Pty) Ltd,Transfer Secretary,ANNUITY PROPERTIES LTD
Rand Merchant Bank Corporate Finance Division,Sponsor,AQUARIUS PLATINUM LIMITED
Computershare Investor Services (Pty) Ltd,Transfer Secretary,AQUARIUS PLATINUM LIMITED
PKF SOUTH AFRICA,Audit Firm,ARB HOLDINGS LIMITED
Computershare Investor Services (Pty) Ltd,Transfer Secretary,ARB HOLDINGS LIMITED
BDO SOUTH AFRICA INCORPORATED,Audit Firm,ANSYS LIMITED
Exchange Sponsors (2008)(Pty) Ltd,Designated Advisor,ANSYS LIMITED
Computershare Investor Services (Pty) Ltd,Transfer Secretary,ANSYS LIMITED
DELOITTE & TOUCHE,Audit Firm,ARCELORMITTAL SOUTH AFRICA LIMITED
JP Morgan Equities Ltd,Sponsor,ARCELORMITTAL SOUTH AFRICA LIMITED
Computershare Investor Services (Pty) Ltd,Transfer Secretary,ARCELORMITTAL SOUTH AFRICA LIMITED
GRANT THORNTON,Audit Firm,ARGENT INDUSTRIAL LIMITED
PSG Capital Ltd,Sponsor,ARGENT INDUSTRIAL LIMITED
Link Market Services SA (Pty) Ltd,Transfer Secretary,ARGENT INDUSTRIAL LIMITED
PRICEWATERHOUSECOOPERS INC,Audit Firm,ASCENDIS HEALTH LIMITED
Investec Bank Ltd ( Trading as Investec Securities and Investec Corporate Finance ),Sponsor,ASCENDIS HEALTH LIMITED
Computershare Investor Services (Pty) Ltd,Transfer Secretary,ASCENDIS HEALTH LIMITED
Java Capital Trustees & Sponsors Pty Ltd,Sponsor,ARROWHEAD PROPERTIES LIMITED 
Computershare Investor Services (Pty) Ltd,Transfer Secretary,ARROWHEAD PROPERTIES LIMITED 
GRANT THORNTON,Audit Firm,ASCENSION PROPERTIES LIMITED
Java Capital Trustees & Sponsors Pty Ltd,Sponsor,ASCENSION PROPERTIES LIMITED
Computershare Investor Services (Pty) Ltd,Transfer Secretary,ASCENSION PROPERTIES LIMITED
PRICEWATERHOUSECOOPERS INC,Audit Firm,ASPEN PHARMACARE HOLDINGS LIMITED
Investec Bank Ltd ( Trading as Investec Securities and Investec Corporate Finance ),Sponsor,ASPEN PHARMACARE HOLDINGS LIMITED
Computershare Investor Services (Pty) Ltd,Transfer Secretary,ASPEN PHARMACARE HOLDINGS LIMITED
Transfer Secretaries,Transfer Secretary,ASSET BACKED ARB SEC (PTY) LTD
PRICEWATERHOUSECOOPERS INC,Audit Firm,AFROCENTRIC INVESTMENT CORP LIMITED
ERNST & YOUNG INC,Audit Firm,ASSORE LIMITED
THE STANDARD BANK OF SA LTD,Sponsor,ASSORE LIMITED
Computershare Investor Services (Pty) Ltd,Transfer Secretary,ASSORE LIMITED
DELOITTE & TOUCHE,Audit Firm,ASTRAPAK LIMITED
Rand Merchant Bank Corporate Finance Division,Sponsor,ASTRAPAK LIMITED
Computershare Investor Services (Pty) Ltd,Transfer Secretary,ASTRAPAK LIMITED
PRICEWATERHOUSECOOPERS INC,Audit Firm,ASTRAL FOODS LIMITED
JP Morgan Equities Ltd,Sponsor,ASTRAL FOODS LIMITED
Computershare Investor Services (Pty) Ltd,Transfer Secretary,ASTRAL FOODS LIMITED
DELOITTE & TOUCHE,Audit Firm,ATTACQ LIMITED
Java Capital Trustees & Sponsors Pty Ltd,Sponsor,ATTACQ LIMITED
Computershare Investor Services (Pty) Ltd,Transfer Secretary,ATTACQ LIMITED
PKF SOUTH AFRICA,Audit Firm,AUSTRO GROUP LIMITED
Java Capital Trustees & Sponsors Pty Ltd,Sponsor,AUSTRO GROUP LIMITED
Computershare Investor Services (Pty) Ltd,Transfer Secretary,AUSTRO GROUP LIMITED
Mazars Inc.,Audit Firm,ATLANTIC LEAF PROPERTIES LIMITED
Java Capital Trustees & Sponsors Pty Ltd,Sponsor,ATLANTIC LEAF PROPERTIES LIMITED
Computershare Investor Services (Pty) Ltd,Transfer Secretary,ATLANTIC LEAF PROPERTIES LIMITED
Transfer Secretaries,Transfer Secretary,AUTO LOAN INVESTMENTS III LIMITED
Transfer Secretaries,Transfer Secretary,AUTO LOAN INVESTMENTS II LIMITED
Transfer Secretaries,Transfer Secretary,AUTO LOAN INVESTMENTS IV LIMITED
Transfer Secretaries,Transfer Secretary,AUTO LOAN INVESTMENTS LIMITED
Transfer Secretaries,Transfer Secretary,AUTO SERIES INVESTMENT LIMITED
LOGISTA,Audit Firm,AWETHU BREWERIES LIMITED
Deloitte & Touche Sponsor Services (Pty) Ltd,Sponsor,AWETHU BREWERIES LIMITED
Computershare Investor Services (Pty) Ltd,Transfer Secretary,AWETHU BREWERIES LIMITED
ERNST & YOUNG INC,Audit Firm,AVENG LIMITED
JP Morgan Equities Ltd,Sponsor,AVENG LIMITED
Computershare Investor Services (Pty) Ltd,Transfer Secretary,AVENG LIMITED
KPMG INCORPORATED,Audit Firm,AVI LIMITED
THE STANDARD BANK OF SA LTD,Sponsor,AVI LIMITED
Computershare Investor Services (Pty) Ltd,Transfer Secretary,AVI LIMITED
ERNST & YOUNG INC,Audit Firm,BARCLAYS AFRICA GROUP LIMITED
PRICEWATERHOUSECOOPERS INC,Audit Firm,BARCLAYS AFRICA GROUP LIMITED
JP Morgan Equities Ltd,Sponsor,BARCLAYS AFRICA GROUP LIMITED
ABSA CAPITAL,Sponsor,BARCLAYS AFRICA GROUP LIMITED
Computershare Investor Services (Pty) Ltd,Transfer Secretary,BARCLAYS AFRICA GROUP LIMITED
PSG CAPITAL LTD,Debt Sponsor,BANK WINDHOEK LIMITED
Transfer Secretaries,Transfer Secretary,BANK WINDHOEK LIMITED
ABSA CAPITAL,Debt Sponsor,BARCLAYS BANK PLC
Transfer Secretaries,Transfer Secretary,BARCLAYS BANK PLC
Transfer Secretaries,Transfer Secretary,BARNARD JACOBS MELLET HOLDINGS LTD
DELOITTE & TOUCHE,Audit Firm,BARLOWORLD LIMITED
JP Morgan Equities Ltd,Sponsor,BARLOWORLD LIMITED
Link Market Services SA (Pty) Ltd,Transfer Secretary,BARLOWORLD LIMITED
PRICEWATERHOUSECOOPERS INC,Audit Firm,BASIL READ HOLDINGS LIMITED
Macquarie First South Corporate Finance (Pty) Ltd,Sponsor,BASIL READ HOLDINGS LIMITED
Link Market Services SA (Pty) Ltd,Transfer Secretary,BASIL READ HOLDINGS LIMITED
PRICEWATERHOUSECOOPERS INC,Audit Firm,BEIGE HOLDINGS LIMITED
ARCAY MOELA SPONSOR (PTY) LTD,Designated Advisor,BEIGE HOLDINGS LIMITED
Link Market Services SA (Pty) Ltd,Transfer Secretary,BEIGE HOLDINGS LIMITED
Link Market Services SA (Pty) Ltd,Transfer Secretary,BARLOWORLD LIMITED
Transfer Secretaries,Transfer Secretary,BASIL READ (PTY) LIMITED
KPMG INCORPORATED,Audit Firm,ATLATSA RESOURCES CORPORATION
Computershare Investor Services (Pty) Ltd,Transfer Secretary,ATLATSA RESOURCES CORPORATION
KPMG INCORPORATED,Audit Firm,BETTABETA CIS
Nedbank Capital ( a division of Nedbank Ltd),Sponsor,BETTABETA CIS
Strate,Transfer Secretary,BETTABETA CIS
ABSA CAPITAL,Sponsor,BHP BILLITON PLC
Computershare Investor Services (Pty) Ltd,Transfer Secretary,BHP BILLITON PLC
Transfer Secretaries,Transfer Secretary,BAYPORT SECURITISATION (RF) LTD
Transfer Secretaries,Transfer Secretary,BIDVESTCO LIMITED
DELOITTE & TOUCHE,Audit Firm,BK ONE LIMITED
Computershare Investor Services (Pty) Ltd,Transfer Secretary,BK ONE LIMITED
DELOITTE & TOUCHE,Audit Firm,BIOSCIENCE BRANDS LIMITED
Exchange Sponsors (2008)(Pty) Ltd,Designated Advisor,BIOSCIENCE BRANDS LIMITED
Computershare Investor Services (Pty) Ltd,Transfer Secretary,BIOSCIENCE BRANDS LIMITED
PSG Capital Ltd,Sponsor,BLACKSTAR GROUP SE
Link Market Services SA (Pty) Ltd,Transfer Secretary,BLACKSTAR GROUP SE
DELOITTE & TOUCHE,Audit Firm,BLUE FINANCIAL SERVICES LIMITED
GRINDROD BANK LIMITED,Designated Advisor,BLUE FINANCIAL SERVICES LIMITED
Link Market Services SA (Pty) Ltd,Transfer Secretary,BLUE FINANCIAL SERVICES LIMITED
Transfer Secretaries,Transfer Secretary,BMW FINANCIAL SERVICES SA (PTY) LTD
PRICEWATERHOUSECOOPERS INC,Audit Firm,BLUE LABEL TELECOMS LIMITED
Investec Bank Ltd ( Trading as Investec Securities and Investec Corporate Finance ),Sponsor,BLUE LABEL TELECOMS LIMITED
Computershare Investor Services (Pty) Ltd,Transfer Secretary,BLUE LABEL TELECOMS LIMITED
Computershare Investor Services (Pty) Ltd,Transfer Secretary,BNP PARIBAS ARBITRAGE ISSUANCE B.V.
Computershare Investor Services (Pty) Ltd,Transfer Secretary,BNP PARIBAS ARBITRAGE ISSUANCE BV
Transfer Secretaries,Transfer Secretary,BOPHUTHATSWANA ADMIN BOARD
NOLANDS INC,Audit Firm,BONATLA PROPERTY HOLDINGS LIMITED
ARCAY MOELA SPONSOR (PTY) LTD,Sponsor,BONATLA PROPERTY HOLDINGS LIMITED
Computershare Investor Services (Pty) Ltd,Transfer Secretary,BONATLA PROPERTY HOLDINGS LIMITED
Mazars Inc.,Audit Firm,BOWLER METCALF LIMITED
ARCAY MOELA SPONSOR (PTY) LTD,Sponsor,BOWLER METCALF LIMITED
Computershare Investor Services (Pty) Ltd,Transfer Secretary,BOWLER METCALF LIMITED
DELOITTE & TOUCHE,Audit Firm,BRAIT SE
Transfer Secretaries,Transfer Secretary,BRANDCORP (PROPRIETARY) LIMITED
Computershare Investor Services (Pty) Ltd,Transfer Secretary,BRIAN PORTER HOLDINGS LIMITED
KPMG INCORPORATED,Audit Firm,BRIKOR LIMITED
Exchange Sponsors (2008)(Pty) Ltd,Designated Advisor,BRIKOR LIMITED
Computershare Investor Services (Pty) Ltd,Transfer Secretary,BRIKOR LIMITED
DELOITTE & TOUCHE,Audit Firm,BRIMSTONE INVESTMENT CORPORATION LD
Nedbank Capital ( a division of Nedbank Ltd),Sponsor,BRIMSTONE INVESTMENT CORPORATION LD
Computershare Investor Services (Pty) Ltd,Transfer Secretary,BRIMSTONE INVESTMENT CORPORATION LD
UBS Corporate Finance (South Africa) (Pty) Ltd,Sponsor,BRITISH AMERICAN TOBACCO PLC
Computershare Investor Services (Pty) Ltd,Transfer Secretary,BRITISH AMERICAN TOBACCO PLC
Transfer Secretaries,Transfer Secretary,BLUE DIAMOND INVEST NO 3 (PTY) LTD
KPMG INCORPORATED,Audit Firm,BUSINESS CONNEXION GROUP LIMITED
ONE CAPITAL (Pty) Ltd,Sponsor,BUSINESS CONNEXION GROUP LIMITED
Computershare Investor Services (Pty) Ltd,Transfer Secretary,BUSINESS CONNEXION GROUP LIMITED
GRANT THORNTON,Audit Firm,BUILDMAX LIMITED
Computershare Investor Services (Pty) Ltd,Transfer Secretary,CAFCA LIMITED
Transfer Secretaries,Transfer Secretary,CALGRO M3 DEVELOPMENTS LIMITED
PRICEWATERHOUSECOOPERS INC,Audit Firm,CADIZ HOLDINGS LIMITED
Investec Bank Ltd ( Trading as Investec Securities and Investec Corporate Finance ),Sponsor,CADIZ HOLDINGS LIMITED
Computershare Investor Services (Pty) Ltd,Transfer Secretary,CADIZ HOLDINGS LIMITED
Transfer Secretaries,Transfer Secretary,CALYON CORPORATE & INVESTMENT BANK
PRICEWATERHOUSECOOPERS INC,Audit Firm,CALGRO M3 HOLDINGS LIMITED
GRINDROD BANK LIMITED,Designated Advisor,CALGRO M3 HOLDINGS LIMITED
Computershare Investor Services (Pty) Ltd,Transfer Secretary,CALGRO M3 HOLDINGS LIMITED
GRANT THORNTON,Audit Firm,CAMAC ENERGY INCORPORATED
Link Market Services SA (Pty) Ltd,Transfer Secretary,CAMAC ENERGY INCORPORATED
PRICEWATERHOUSECOOPERS INC,Audit Firm,CAPEVIN HOLDINGS LIMITED
Rand Merchant Bank Corporate Finance Division,Sponsor,CAPEVIN HOLDINGS LIMITED
Computershare Investor Services (Pty) Ltd,Transfer Secretary,CAPEVIN HOLDINGS LIMITED
DELOITTE & TOUCHE,Audit Firm,CAPITAL PROPERTY FUND
Java Capital Trustees & Sponsors Pty Ltd,Sponsor,CAPITAL PROPERTY FUND
Link Market Services SA (Pty) Ltd,Transfer Secretary,CAPITAL PROPERTY FUND
Computershare Investor Services (Pty) Ltd,Transfer Secretary,CAPITEC BANK HOLDINGS LIMITED
PRICEWATERHOUSECOOPERS INC,Audit Firm,CAPITEC BANK HOLDINGS LIMITED
PSG Capital Ltd,Sponsor,CAPITEC BANK HOLDINGS LIMITED
Computershare Investor Services (Pty) Ltd,Transfer Secretary,CAPITEC BANK HOLDINGS LIMITED
ERNST & YOUNG INC,Audit Firm,CARGO CARRIERS LIMITED
ARCAY MOELA SPONSOR (PTY) LTD,Sponsor,CARGO CARRIERS LIMITED
Computershare Investor Services (Pty) Ltd,Transfer Secretary,CARGO CARRIERS LIMITED
Transfer Secretaries,Transfer Secretary,CAPITAL PROPERTY FUND
PKF SOUTH AFRICA,Audit Firm,CAXTON CTP PUBLISHERS & PRINTERS LD
ARCAY MOELA SPONSOR (PTY) LTD,Sponsor,CAXTON CTP PUBLISHERS & PRINTERS LD
Computershare Investor Services (Pty) Ltd,Transfer Secretary,CAXTON CTP PUBLISHERS & PRINTERS LD
Computershare Investor Services (Pty) Ltd,Transfer Secretary,CENTRAL RAND GOLD LIMITED
KPMG INCORPORATED,Audit Firm,CHEMICAL SPECIALITIES LIMITED
GRINDROD BANK LIMITED,Designated Advisor,CHEMICAL SPECIALITIES LIMITED
Computershare Investor Services (Pty) Ltd,Transfer Secretary,CHEMICAL SPECIALITIES LIMITED
RSM BETTY & DICKSON,Audit Firm,CHROMETCO LIMITED
Sasfin Bank Ltd,Designated Advisor,CHROMETCO LIMITED
Computershare Investor Services (Pty) Ltd,Transfer Secretary,CHROMETCO LIMITED
DELOITTE & TOUCHE,Audit Firm,BELL EQUIPMENT LIMITED
Rand Merchant Bank Corporate Finance Division,Sponsor,BELL EQUIPMENT LIMITED
Link Market Services SA (Pty) Ltd,Transfer Secretary,BELL EQUIPMENT LIMITED
KPMG INCORPORATED,Audit Firm,CITY LODGE HOTELS LIMITED
JP Morgan Equities Ltd,Sponsor,CITY LODGE HOTELS LIMITED
Computershare Investor Services (Pty) Ltd,Transfer Secretary,CITY LODGE HOTELS LIMITED
Merrill Lynch SA (Pty) Limited,Sponsor,CAPITAL & COUNTIES PROPERTIES PLC
Computershare Investor Services (Pty) Ltd,Transfer Secretary,CAPITAL & COUNTIES PROPERTIES PLC
BDO SOUTH AFRICA INCORPORATED,Audit Firm,BAUBA PLATINUM LIMITED
MERCHANTEC CAPITAL,Sponsor,BAUBA PLATINUM LIMITED
Computershare Investor Services (Pty) Ltd,Transfer Secretary,BAUBA PLATINUM LIMITED
Computershare Investor Services (Pty) Ltd,Transfer Secretary,BNP PARIBAS ARBITRAGE ISSUANCE B.V.
Transfer Secretaries,Transfer Secretary,CITY OF CAPE TOWN METR MUNICIPALITY
Investec Bank Ltd ( Trading as Investec Securities and Investec Corporate Finance ),Sponsor,CITY OF JHB METRO MUNICIPALITY
Computershare Investor Services (Pty) Ltd,Transfer Secretary,CITY OF JHB METRO MUNICIPALITY
Transfer Secretaries,Transfer Secretary,City of Johannesburg Metropolitan Municipality
Transfer Secretaries,Transfer Secretary,CLINDEB INVESTMENTS LIMITED
ERNST & YOUNG INC,Audit Firm,CLICKS GROUP LIMITED
Investec Bank Ltd ( Trading as Investec Securities and Investec Corporate Finance ),Sponsor,CLICKS GROUP LIMITED
Computershare Investor Services (Pty) Ltd,Transfer Secretary,CLICKS GROUP LIMITED
PRICEWATERHOUSECOOPERS INC,Audit Firm,COMBINED MOTOR HOLDINGS LIMITED
PricewaterhouseCoopers Corporate Finance (Pty) Ltd,Sponsor,COMBINED MOTOR HOLDINGS LIMITED
Computershare Investor Services (Pty) Ltd,Transfer Secretary,COMBINED MOTOR HOLDINGS LIMITED
GRANT THORNTON,Audit Firm,COMAIR LIMITED
Rand Merchant Bank Corporate Finance Division,Sponsor,COMAIR LIMITED
Computershare Investor Services (Pty) Ltd,Transfer Secretary,COMAIR LIMITED
Investec Bank Ltd ( Trading as Investec Securities and Investec Corporate Finance ),Sponsor,COAL OF AFRICA LIMITED
Computershare Investor Services (Pty) Ltd,Transfer Secretary,COAL OF AFRICA LIMITED
Nedbank Capital a division of Nedbanl Limited,Debt Sponsor,BANK OF CHINA LIMITED
Transfer Secretaries,Transfer Secretary,BANK OF CHINA LIMITED
KPMG INCORPORATED,Audit Firm,COMPU-CLEARING OUTSOURCING LIMITED
Sasfin Bank Ltd,Sponsor,COMPU-CLEARING OUTSOURCING LIMITED
Computershare Investor Services (Pty) Ltd,Transfer Secretary,COMPU-CLEARING OUTSOURCING LIMITED
Transfer Secretaries,Transfer Secretary,COMMISSIONER STREET NO 1 (PTY) LTD
Rand Merchant Bank Corporate Finance Division,Sponsor,COMPAGNIE FINANCIERE RICHEMONT SA
Computershare Investor Services (Pty) Ltd,Transfer Secretary,COMPAGNIE FINANCIERE RICHEMONT SA
ERNST & YOUNG INC,Audit Firm,CORONATION FUND MANAGERS LIMITED
Deutsche Securities SA (Pty) Ltd,Sponsor,CORONATION FUND MANAGERS LIMITED
Computershare Investor Services (Pty) Ltd,Transfer Secretary,CORONATION FUND MANAGERS LIMITED
PRICEWATERHOUSECOOPERS INC,Audit Firm,CONVERGENET HOLDINGS LIMITED
Deloitte & Touche Sponsor Services (Pty) Ltd,Sponsor,CONVERGENET HOLDINGS LIMITED
Computershare Investor Services (Pty) Ltd,Transfer Secretary,CONVERGENET HOLDINGS LIMITED
Computershare Investor Services (Pty) Ltd,Transfer Secretary,CORWIL INVESTMENTS LIMITED
DELOITTE & TOUCHE,Audit Firm,CROOKES BROTHERS LIMITED
Sasfin Bank Ltd,Sponsor,CROOKES BROTHERS LIMITED
Computershare Investor Services (Pty) Ltd,Transfer Secretary,CROOKES BROTHERS LIMITED
GRANT THORNTON,Audit Firm,CSG HOLDINGS LIMITED
DELOITTE & TOUCHE,Audit Firm,CURRO HOLDINGS LIMITED
PSG Capital Ltd,Sponsor,CURRO HOLDINGS LIMITED
Computershare Investor Services (Pty) Ltd,Transfer Secretary,CURRO HOLDINGS LIMITED
Mazars Inc.,Audit Firm,CULLINAN HOLDINGS LIMITED
ARCAY MOELA SPONSOR (PTY) LTD,Sponsor,CULLINAN HOLDINGS LIMITED
Computershare Investor Services (Pty) Ltd,Transfer Secretary,CULLINAN HOLDINGS LIMITED
Transfer Secretaries,Transfer Secretary,DAIMLERCHRYSLER SA (PTY) LTD
Java Capital Trustees & Sponsors Pty Ltd,Designated Advisor,DELTA INTERNATIONAL PROPERTY HOLDINGS LIMITED
Computershare Investor Services (Pty) Ltd,Transfer Secretary,DELTA INTERNATIONAL PROPERTY HOLDINGS LIMITED
ARCAY MOELA SPONSOR (PTY) LTD,Sponsor,DELRAND RESOURCES LIMITED
Computershare Investor Services (Pty) Ltd,Transfer Secretary,DELRAND RESOURCES LIMITED
DELOITTE & TOUCHE,Audit Firm,DELTA EMD LIMITED
Rand Merchant Bank Corporate Finance Division,Sponsor,DELTA EMD LIMITED
Computershare Investor Services (Pty) Ltd,Transfer Secretary,DELTA EMD LIMITED
Transfer Secretaries,Transfer Secretary,DEMINDEX RES CORP (SA) (PTY) LTD
Computershare Investor Services (Pty) Ltd,Transfer Secretary,DEUTSCHE BANK AG LONDON
Computershare Investor Services (Pty) Ltd,Transfer Secretary,DEUTSCHE BANK AG LONDON
DELOITTE & TOUCHE,Audit Firm,BSI STEEL LIMITED
Sasfin Bank Ltd,Designated Advisor,BSI STEEL LIMITED
Computershare Investor Services (Pty) Ltd,Transfer Secretary,BSI STEEL LIMITED
Deloitte & Touche Sponsor Services (Pty) Ltd,Sponsor,COMMAND HOLDINGS LIMITED
Computershare Investor Services (Pty) Ltd,Transfer Secretary,COMMAND HOLDINGS LIMITED
PRICEWATERHOUSECOOPERS INC,Audit Firm,DISCOVERY LIMITED
Rand Merchant Bank Corporate Finance Division,Sponsor,DISCOVERY LIMITED
Computershare Investor Services (Pty) Ltd,Transfer Secretary,DISCOVERY LIMITED
PRICEWATERHOUSECOOPERS INC,Audit Firm,DISTELL GROUP LIMITED
Rand Merchant Bank Corporate Finance Division,Sponsor,DISTELL GROUP LIMITED
Computershare Investor Services (Pty) Ltd,Transfer Secretary,DISTELL GROUP LIMITED
PRICEWATERHOUSECOOPERS INC,Audit Firm,DISTRIB. AND WAREHOUSING NETWORK LD
Deloitte & Touche Sponsor Services (Pty) Ltd,Sponsor,DISTRIB. AND WAREHOUSING NETWORK LD
Computershare Investor Services (Pty) Ltd,Transfer Secretary,DISTRIB. AND WAREHOUSING NETWORK LD
KPMG INCORPORATED,Audit Firm,DRDGOLD LIMITED
ONE CAPITAL (Pty) Ltd,Sponsor,DRDGOLD LIMITED
Link Market Services SA (Pty) Ltd,Transfer Secretary,DRDGOLD LIMITED
PRICEWATERHOUSECOOPERS INC,Audit Firm,CLIENTELE LIMITED
PricewaterhouseCoopers Corporate Finance (Pty) Ltd,Sponsor,CLIENTELE LIMITED
Computershare Investor Services (Pty) Ltd,Transfer Secretary,CLIENTELE LIMITED
Link Market Services SA (Pty) Ltd,Transfer Secretary,EAGLE BONDS ONE (PTY) LIMITED
ARCAY MOELA SPONSOR (PTY) LTD,Sponsor,ECSPONENT LIMITED 
Link Market Services SA (Pty) Ltd,Transfer Secretary,ECSPONENT LIMITED 
KPMG INCORPORATED,Audit Firm,EFFICIENT GROUP LIMITED
Link Market Services SA (Pty) Ltd,Transfer Secretary,EFFICIENT GROUP LIMITED
KPMG INCORPORATED,Audit Firm,ELB GROUP LIMITED
Rand Merchant Bank Corporate Finance Division,Sponsor,ELB GROUP LIMITED
Computershare Investor Services (Pty) Ltd,Transfer Secretary,ELB GROUP LIMITED
GRANT THORNTON,Audit Firm,ELLIES HOLDINGS LIMITED
Java Capital Trustees & Sponsors Pty Ltd,Sponsor,ELLIES HOLDINGS LIMITED
Link Market Services SA (Pty) Ltd,Transfer Secretary,ELLIES HOLDINGS LIMITED
DELOITTE & TOUCHE,Audit Firm,EDCON LIMITED
PRICEWATERHOUSECOOPERS INC,Audit Firm,EMIRA PROPERTY FUND
Rand Merchant Bank Corporate Finance Division,Sponsor,EMIRA PROPERTY FUND
Computershare Investor Services (Pty) Ltd,Transfer Secretary,EMIRA PROPERTY FUND
Transfer Secretaries,Transfer Secretary,EMIRA PROPERTY FUND
Mazars Inc.,Audit Firm,EOH HOLDINGS LIMITED
MERCHANTEC CAPITAL,Sponsor,EOH HOLDINGS LIMITED
Computershare Investor Services (Pty) Ltd,Transfer Secretary,EOH HOLDINGS LIMITED
RAND MERCHANT BANK,Debt Sponsor,EQSTRA CORPORATION LIMITED
Computershare Investor Services (Pty) Ltd,Transfer Secretary,EQSTRA CORPORATION LIMITED
PRICEWATERHOUSECOOPERS INC,Audit Firm,CASHBUILD LIMITED
Nedbank Capital ( a division of Nedbank Ltd),Sponsor,CASHBUILD LIMITED
Computershare Investor Services (Pty) Ltd,Transfer Secretary,CASHBUILD LIMITED
DELOITTE & TOUCHE,Audit Firm,EQSTRA HOLDINGS LIMITED
Rand Merchant Bank Corporate Finance Division,Sponsor,EQSTRA HOLDINGS LIMITED
Computershare Investor Services (Pty) Ltd,Transfer Secretary,EQSTRA HOLDINGS LIMITED
Transfer Secretaries,Transfer Secretary,EQUIP RENTALS SECUR NO.1 (PTY) LTD
Mercantile Registrars Ltd,Transfer Secretary,BOE BANK LIMITED
GRANT THORNTON,Audit Firm,CONDUIT CAPITAL LIMITED
MERCHANTEC CAPITAL,Sponsor,CONDUIT CAPITAL LIMITED
Computershare Investor Services (Pty) Ltd,Transfer Secretary,CONDUIT CAPITAL LIMITED
PRICEWATERHOUSECOOPERS INC,Audit Firm,ERBACON INVESTMENT HOLDINGS LIMITED
PSG Capital Ltd,Designated Advisor,ERBACON INVESTMENT HOLDINGS LIMITED
Computershare Investor Services (Pty) Ltd,Transfer Secretary,ERBACON INVESTMENT HOLDINGS LIMITED
KPMG INCORPORATED,Audit Firm,ESOR LIMITED
Vunani Corporate Finance (Pty) Ltd,Sponsor,ESOR LIMITED
Computershare Investor Services (Pty) Ltd,Transfer Secretary,ESOR LIMITED
ERNST & YOUNG INC,Audit Firm,EVRAZ HIGHVELD STEEL & VANADIUM LTD
JP Morgan Equities Ltd,Sponsor,EVRAZ HIGHVELD STEEL & VANADIUM LTD
Computershare Investor Services (Pty) Ltd,Transfer Secretary,EVRAZ HIGHVELD STEEL & VANADIUM LTD
PRICEWATERHOUSECOOPERS INC,Audit Firm,EXXARO RESOURCES LIMITED
Deutsche Securities SA (Pty) Ltd,Sponsor,EXXARO RESOURCES LIMITED
Computershare Investor Services (Pty) Ltd,Transfer Secretary,EXXARO RESOURCES LIMITED
ERNST & YOUNG INC,Audit Firm,CLOVER INDUSTRIES LIMITED
Rand Merchant Bank Corporate Finance Division,Sponsor,CLOVER INDUSTRIES LIMITED
Computershare Investor Services (Pty) Ltd,Transfer Secretary,CLOVER INDUSTRIES LIMITED
Transfer Secretaries,Transfer Secretary,Collateralised Auto receivables Secur 1 (Pty) Ltd
Transfer Secretaries,Transfer Secretary,COMMISSIONER STREET NO 4 LIMITED
PKF SOUTH AFRICA,Audit Firm,CONSOLIDATED INFRASTRUCTURE GRP LTD
Computershare Investor Services (Pty) Ltd,Transfer Secretary,CONSOLIDATED INFRASTRUCTURE GRP LTD
RSM BETTY & DICKSON,Audit Firm,FAMOUS BRANDS LIMITED
THE STANDARD BANK OF SA LTD,Sponsor,FAMOUS BRANDS LIMITED
Link Market Services SA (Pty) Ltd,Transfer Secretary,FAMOUS BRANDS LIMITED
Sasfin Bank Ltd,Sponsor,FERRUM CRESCENT LIMITED
Computershare Investor Services (Pty) Ltd,Transfer Secretary,FERRUM CRESCENT LIMITED
STANDARD BANK OF SOUTH AFRICA LTD,Debt Sponsor,CPV POWER PLANT NO.1 BOND SPV (RF) LTD
Transfer Secretaries,Transfer Secretary,CPV POWER PLANT NO.1 BOND SPV (RF) LTD
PRICEWATERHOUSECOOPERS INC,Audit Firm,COUNTRY BIRD HOLDINGS LIMITED
Investec Bank Ltd ( Trading as Investec Securities and Investec Corporate Finance ),Sponsor,COUNTRY BIRD HOLDINGS LIMITED
Computershare Investor Services (Pty) Ltd,Transfer Secretary,COUNTRY BIRD HOLDINGS LIMITED
KPMG INCORPORATED,Audit Firm,FINBOND GROUP LIMITED
GRINDROD BANK LIMITED,Sponsor,FINBOND GROUP LIMITED
Link Market Services SA (Pty) Ltd,Transfer Secretary,FINBOND GROUP LIMITED
SIZWENTSALUBAGOBODO INCORPORATED,Audit Firm,DATACENTRIX HOLDINGS LIMITED
MERCHANTEC CAPITAL,Sponsor,DATACENTRIX HOLDINGS LIMITED
Computershare Investor Services (Pty) Ltd,Transfer Secretary,DATACENTRIX HOLDINGS LIMITED
DELOITTE & TOUCHE,Audit Firm,DATATEC LIMITED
Rand Merchant Bank Corporate Finance Division,Sponsor,DATATEC LIMITED
Computershare Investor Services (Pty) Ltd,Transfer Secretary,DATATEC LIMITED
Nedbank Capital a division of Nedbanl Limited,Debt Sponsor,DELTA PROPERTY FUND LIMITED
Computershare Investor Services (Pty) Ltd,Transfer Secretary,DELTA PROPERTY FUND LIMITED
BDO SOUTH AFRICA INCORPORATED,Audit Firm,DELTA PROPERTY FUND LIMITED
Nedbank Capital ( a division of Nedbank Ltd),Sponsor,DELTA PROPERTY FUND LIMITED
Computershare Investor Services (Pty) Ltd,Transfer Secretary,DELTA PROPERTY FUND LIMITED
River Sponsors (Pty) Ltd,Sponsor,FIRESTONE ENERGY LIMITED
Computershare Investor Services (Pty) Ltd,Transfer Secretary,FIRESTONE ENERGY LIMITED
STANDARD BANK OF SOUTH AFRICA LTD,Debt Sponsor,DELTA PROPERTY FUND LIMITED
Computershare Investor Services (Pty) Ltd,Transfer Secretary,DENEL SOC LIMITED
Strate,Transfer Secretary,DEUTSCHE BANK AG
Computershare Investor Services (Pty) Ltd,Transfer Secretary,FIRSTRAND BANK LIMITED
DELOITTE & TOUCHE,Audit Firm,FIRSTRAND LIMITED
PRICEWATERHOUSECOOPERS INC,Audit Firm,FIRSTRAND LIMITED
Rand Merchant Bank Corporate Finance Division,Sponsor,FIRSTRAND LIMITED
Computershare Investor Services (Pty) Ltd,Transfer Secretary,FIRSTRAND LIMITED
Transfer Secretaries,Transfer Secretary,DEVELOPMENT BANK OF SOUTHERN AFRICA
PRICEWATERHOUSECOOPERS LLP,Audit Firm,DIAMONDCORP PLC
MERCHANTEC CAPITAL,Designated Advisor,FONEWORX HOLDINGS LIMITED
Computershare Investor Services (Pty) Ltd,Transfer Secretary,FONEWORX HOLDINGS LIMITED
Mazars Inc.,Audit Firm,DIGICORE HOLDINGS LIMITED
Java Capital Trustees & Sponsors Pty Ltd,Sponsor,DIPULA INCOME FUND LIMITED
Link Market Services SA (Pty) Ltd,Transfer Secretary,DIPULA INCOME FUND LIMITED
Transfer Secretaries,Transfer Secretary,FINTECH RECEIVABLES 2 (RF) LIMITED
Sasfin Bank Ltd,Sponsor,FORBES & MANHATTAN COAL CORP
Computershare Investor Services (Pty) Ltd,Transfer Secretary,FORBES & MANHATTAN COAL CORP
KPMG INCORPORATED,Audit Firm,FOUNTAINHEAD PROPERTY TRUST
Java Capital Trustees & Sponsors Pty Ltd,Sponsor,FOUNTAINHEAD PROPERTY TRUST
Computershare Investor Services (Pty) Ltd,Transfer Secretary,FOUNTAINHEAD PROPERTY TRUST
Transfer Secretaries,Transfer Secretary,DURBAN
KPMG INCORPORATED,Audit Firm,GIJIMA GROUP LIMITED
Rand Merchant Bank Corporate Finance Division,Sponsor,GIJIMA GROUP LIMITED
Link Market Services SA (Pty) Ltd,Transfer Secretary,GIJIMA GROUP LIMITED
DELOITTE LLP,Audit Firm,GLENCORE PLC
ABSA CAPITAL,Sponsor,GLENCORE PLC
Computershare Investor Services (Pty) Ltd,Transfer Secretary,GLENCORE PLC
Java Capital Trustees & Sponsors Pty Ltd,Sponsor,FARITEC HOLDINGS LIMITED
Computershare Investor Services (Pty) Ltd,Transfer Secretary,FARITEC HOLDINGS LIMITED
DELOITTE & TOUCHE,Audit Firm,GOGLOBAL PROPERTIES LIMITED
Java Capital Trustees & Sponsors Pty Ltd,Sponsor,GOGLOBAL PROPERTIES LIMITED
Link Market Services SA (Pty) Ltd,Transfer Secretary,GOGLOBAL PROPERTIES LIMITED
KPMG INCORPORATED,Audit Firm,GOLD FIELDS LIMITED
Computershare Investor Services (Pty) Ltd,Transfer Secretary,GOLD FIELDS LIMITED
PSG Capital Ltd,Sponsor,EASTERN PLATINUM LIMITED
Computershare Investor Services (Pty) Ltd,Transfer Secretary,EASTERN PLATINUM LIMITED
PRICEWATERHOUSECOOPERS INC,Audit Firm,GOLIATH GOLD MINING LIMITED
MERCHANTEC CAPITAL,Sponsor,GOLIATH GOLD MINING LIMITED
Computershare Investor Services (Pty) Ltd,Transfer Secretary,GOLIATH GOLD MINING LIMITED
GRANT THORNTON,Audit Firm,GOODERSON LEISURE CORPORATION LTD
Computershare Investor Services (Pty) Ltd,Transfer Secretary,GOODERSON LEISURE CORPORATION LTD
Transfer Secretaries,Transfer Secretary,EKURHULENI METRO MUNICIPLALITY
PRICEWATERHOUSECOOPERS INC,Audit Firm,GIYANI GOLD CORPORATION
Sasfin Bank Ltd,Sponsor,GIYANI GOLD CORPORATION
Computershare Investor Services (Pty) Ltd,Transfer Secretary,GIYANI GOLD CORPORATION
Transfer Secretaries,Transfer Secretary,FINTECH RECEIVABLES 2 (RF) LIMITED
Transfer Secretaries,Transfer Secretary,FREESTONE FINANCE CO (PTY) LIMITED
Computershare Investor Services (Pty) Ltd,Transfer Secretary,GOLD FIELDS LIMITED1
Transfer Secretaries,Transfer Secretary,GRAINFLOW INVESTMENTS LIMITED
DELOITTE & TOUCHE,Audit Firm,GRINDROD LIMITED
GRINDROD BANK LIMITED,Sponsor,GRINDROD LIMITED
Computershare Investor Services (Pty) Ltd,Transfer Secretary,GRINDROD LIMITED
INVESTEC BANK LTD,Debt Sponsor,FOX STREET 1 (RF) LIMITED
Transfer Secretaries,Transfer Secretary,FOX STREET 1 (RF) LIMITED
PRICEWATERHOUSECOOPERS INC,Audit Firm,HARMONY GOLD MINING COMPANY LIMITED
Link Market Services SA (Pty) Ltd,Transfer Secretary,HARMONY GOLD MINING COMPANY LIMITED
Computershare Investor Services (Pty) Ltd,Transfer Secretary,EQSTRA HOLDINGS LIMITED
PKF SOUTH AFRICA,Audit Firm,HOSKEN CONSOLIDATED INVESTMENTS LTD
Investec Bank Ltd ( Trading as Investec Securities and Investec Corporate Finance ),Sponsor,HOSKEN CONSOLIDATED INVESTMENTS LTD
Computershare Investor Services (Pty) Ltd,Transfer Secretary,HOSKEN CONSOLIDATED INVESTMENTS LTD
Moore Stephen BKV Incorporated,Audit Firm,EQUITES PROPERTY FUND LIMITED
Java Capital Trustees & Sponsors Pty Ltd,Sponsor,EQUITES PROPERTY FUND LIMITED
Deloitte & Touche Sponsor Services (Pty) Ltd,Sponsor,EQUITES PROPERTY FUND LIMITED
Link Market Services SA (Pty) Ltd,Transfer Secretary,EQUITES PROPERTY FUND LIMITED
ERNST & YOUNG INC,Audit Firm,HOWDEN AFRICA HOLDINGS LIMITED
PricewaterhouseCoopers Corporate Finance (Pty) Ltd,Sponsor,HOWDEN AFRICA HOLDINGS LIMITED
Computershare Investor Services (Pty) Ltd,Transfer Secretary,HOWDEN AFRICA HOLDINGS LIMITED
Transfer Secretaries,Transfer Secretary,ERGO MINING OPERATIONS (PTY) LIMITED
Computershare Investor Services (Pty) Ltd,Transfer Secretary,ESORFRANKI LIMITED
Transfer Secretaries,Transfer Secretary,ETHEKWINI MUNICIPALITY
GRANT THORNTON,Audit Firm,HUDACO INDUSTRIES LIMITED
Nedbank Capital ( a division of Nedbank Ltd),Sponsor,HUDACO INDUSTRIES LIMITED
Computershare Investor Services (Pty) Ltd,Transfer Secretary,HUDACO INDUSTRIES LIMITED
BDO SOUTH AFRICA INCORPORATED,Audit Firm,HUGE GROUP LIMITED
Transfer Secretaries,Transfer Secretary,GREENHOUSE FUNDING (RF) LIMITED
BDO SOUTH AFRICA INCORPORATED,Audit Firm,FAIRVEST PROPERTY HOLDINGS LIMITED
PSG Capital Ltd,Sponsor,FAIRVEST PROPERTY HOLDINGS LIMITED
Computershare Investor Services (Pty) Ltd,Transfer Secretary,FAIRVEST PROPERTY HOLDINGS LIMITED
Transfer Secretaries,Transfer Secretary,GRAYSTON CONDUIT 1 (RF) LTD
PRICEWATERHOUSECOOPERS INC,Audit Firm,GROUP FIVE LIMITED
Nedbank Capital ( a division of Nedbank Ltd),Sponsor,GROUP FIVE LIMITED
Computershare Investor Services (Pty) Ltd,Transfer Secretary,GROUP FIVE LIMITED
GRANT THORNTON,Audit Firm,HYPROP INVESTMENTS LIMITED
Java Capital Trustees & Sponsors Pty Ltd,Sponsor,HYPROP INVESTMENTS LIMITED
Computershare Investor Services (Pty) Ltd,Transfer Secretary,HYPROP INVESTMENTS LIMITED
KPMG INCORPORATED,Audit Firm,HOSPITALITY PROPERTY FUND LIMITED
Computershare Investor Services (Pty) Ltd,Transfer Secretary,HOSPITALITY PROPERTY FUND LIMITED
Computershare Investor Services (Pty) Ltd,Transfer Secretary,GROUP FIVE LIMITED
Link Market Services SA (Pty) Ltd,Transfer Secretary,HARMONY GOLD MINING COMPANY LIMITED
Transfer Secretaries,Transfer Secretary,Humulani Marketing (Pty) Ltd
Transfer Secretaries,Transfer Secretary,Humulani Investments (Pty) Ltd
RAND MERCHANT BANK,Debt Sponsor,IDWALA INDUSTRIAL HOLDINGS LTD
Strate,Transfer Secretary,IDWALA INDUSTRIAL HOLDINGS LTD
DELOITTE & TOUCHE,Audit Firm,FORTRESS INCOME FUND LIMITED
Java Capital Trustees & Sponsors Pty Ltd,Sponsor,FORTRESS INCOME FUND LIMITED
Link Market Services SA (Pty) Ltd,Transfer Secretary,FORTRESS INCOME FUND LIMITED
Transfer Secretaries,Transfer Secretary,IKHAYA RMBS 2 LIMITED
DELOITTE & TOUCHE,Audit Firm,ILIAD AFRICA LIMITED
Bridge Capital Advisors  (Pty) Ltd,Sponsor,ILIAD AFRICA LIMITED
Link Market Services SA (Pty) Ltd,Transfer Secretary,ILIAD AFRICA LIMITED
PRICEWATERHOUSECOOPERS INC,Audit Firm,IMPALA PLATINUM HOLDINGS LIMITED
Deutsche Securities SA (Pty) Ltd,Sponsor,IMPALA PLATINUM HOLDINGS LIMITED
Computershare Investor Services (Pty) Ltd,Transfer Secretary,IMPALA PLATINUM HOLDINGS LIMITED
Computershare Investor Services (Pty) Ltd,Transfer Secretary,FIRSTRAND BANK LIMITED
Computershare Investor Services (Pty) Ltd,Transfer Secretary,Imperial Bank Limited
Transfer Secretaries,Transfer Secretary,IMPERIAL GROUP LIMITED
DELOITTE & TOUCHE,Audit Firm,IMPERIAL HOLDINGS LIMITED
Merrill Lynch SA (Pty) Limited,Sponsor,IMPERIAL HOLDINGS LIMITED
Computershare Investor Services (Pty) Ltd,Transfer Secretary,IMPERIAL HOLDINGS LIMITED
DELOITTE & TOUCHE,Audit Firm,ILLOVO SUGAR LIMITED
Link Market Services SA (Pty) Ltd,Transfer Secretary,ILLOVO SUGAR LIMITED
KPMG INCORPORATED,Audit Firm,INDEQUITY GROUP LIMITED
KPMG Services (Pty) Ltd,Sponsor,INDEQUITY GROUP LIMITED
Link Market Services SA (Pty) Ltd,Transfer Secretary,INDEQUITY GROUP LIMITED
Transfer Secretaries,Transfer Secretary,INDWA INVESTMENTS LIMITED
RAND MERCHANT BANK,Debt Sponsor,FORTRESS INCOME FUND LIMITED
Transfer Secretaries,Transfer Secretary,FORTRESS INCOME FUND LIMITED
Mazars Inc.,Audit Firm,INFRASORS HOLDINGS LIMITED
Bridge Capital Advisors  (Pty) Ltd,Sponsor,INFRASORS HOLDINGS LIMITED
Link Market Services SA (Pty) Ltd,Transfer Secretary,INFRASORS HOLDINGS LIMITED
PRICEWATERHOUSECOOPERS INC,Audit Firm,INSIMBI REFRACTORY & ALLOY SUP LTD
Bridge Capital Advisors  (Pty) Ltd,Sponsor,INSIMBI REFRACTORY & ALLOY SUP LTD
Computershare Investor Services (Pty) Ltd,Transfer Secretary,INSIMBI REFRACTORY & ALLOY SUP LTD
Transfer Secretaries,Transfer Secretary,FRESCO 2 INVESTMENTS LIMITED
Mazars Inc.,Audit Firm,INGENUITY PROPERTY INVESTMENTS LTD
Nedbank Capital ( a division of Nedbank Ltd),Sponsor,INGENUITY PROPERTY INVESTMENTS LTD
Computershare Investor Services (Pty) Ltd,Transfer Secretary,INGENUITY PROPERTY INVESTMENTS LTD
Transfer Secretaries,Transfer Secretary,FRESCO / LEXPUB 15 INVESTMENTS LTD
KPMG INCORPORATED,Audit Firm,INTERWASTE HOLDINGS LIMITED
Computershare Investor Services (Pty) Ltd,Transfer Secretary,INTERWASTE HOLDINGS LIMITED
PRICEWATERHOUSECOOPERS INC,Audit Firm,INTU PROPERTIES PLC
Merrill Lynch SA (Pty) Limited,Sponsor,INTU PROPERTIES PLC
Computershare Investor Services (Pty) Ltd,Transfer Secretary,INTU PROPERTIES PLC
HOWARTH LEVETON BONER,Audit Firm,GLOBAL ASSET MANAGEMENT LTD
ARCAY MOELA SPONSOR (PTY) LTD,Designated Advisor,GLOBAL ASSET MANAGEMENT LTD
Link Market Services SA (Pty) Ltd,Transfer Secretary,GLOBAL ASSET MANAGEMENT LTD
Transfer Secretaries,Transfer Secretary,GOLDMAN SACHS INTERNATIONAL
ERNST & YOUNG INC,Audit Firm,GRAND PARADE INVESTMENTS LIMITED
PSG Capital Ltd,Sponsor,GRAND PARADE INVESTMENTS LIMITED
Computershare Investor Services (Pty) Ltd,Transfer Secretary,GRAND PARADE INVESTMENTS LIMITED
KPMG INCORPORATED,Audit Firm,INVESTEC AUSTRALIA PROPERTY FUND
Investec Bank Ltd ( Trading as Investec Securities and Investec Corporate Finance ),Sponsor,INVESTEC AUSTRALIA PROPERTY FUND
Computershare Investor Services (Pty) Ltd,Transfer Secretary,INVESTEC AUSTRALIA PROPERTY FUND
Investec Bank Ltd ( Trading as Investec Securities and Investec Corporate Finance ),Sponsor,INVESTEC LIMITED
Computershare Investor Services (Pty) Ltd,Transfer Secretary,INVESTEC LIMITED
KPMG INCORPORATED,Audit Firm,INVESTEC BANK LTD
Investec Bank Ltd ( Trading as Investec Securities and Investec Corporate Finance ),Sponsor,INVESTEC BANK LTD
Computershare Investor Services (Pty) Ltd,Transfer Secretary,INVESTEC BANK LTD
Investec Bank Ltd ( Trading as Investec Securities and Investec Corporate Finance ),Sponsor,INVESTEC PLC
Computershare Investor Services (Pty) Ltd,Transfer Secretary,INVESTEC PLC
GRANT THORNTON,Audit Firm,IPSA GROUP PLC
PSG Capital Ltd,Sponsor,IPSA GROUP PLC
Computershare Investor Services (Pty) Ltd,Transfer Secretary,IPSA GROUP PLC
Transfer Secretaries,Transfer Secretary,GROWTHPOINT PROPERTIES LIMITED
ERNST & YOUNG INC,Audit Firm,ITALTILE LIMITED
MERCHANTEC CAPITAL,Sponsor,ITALTILE LIMITED
Computershare Investor Services (Pty) Ltd,Transfer Secretary,ITALTILE LIMITED
KPMG INCORPORATED,Audit Firm,HOLDSPORT LIMITED
UBS Corporate Finance (South Africa) (Pty) Ltd,Sponsor,HOLDSPORT LIMITED
Computershare Investor Services (Pty) Ltd,Transfer Secretary,HOLDSPORT LIMITED
Transfer Secretaries,Transfer Secretary,HOME OBLIGORS MORT ENH SEC PTY LTD
KPMG INCORPORATED,Audit Firm,GROWTHPOINT PROPERTIES LIMITED
Computershare Investor Services (Pty) Ltd,Transfer Secretary,GROWTHPOINT PROPERTIES LIMITED
DELOITTE & TOUCHE,Audit Firm,INVICTA HOLDINGS LIMITED
Deloitte & Touche Sponsor Services (Pty) Ltd,Sponsor,INVICTA HOLDINGS LIMITED
Computershare Investor Services (Pty) Ltd,Transfer Secretary,INVICTA HOLDINGS LIMITED
Mazars Inc.,Audit Firm,ISA HOLDINGS LIMITED
Link Market Services SA (Pty) Ltd,Transfer Secretary,ISA HOLDINGS LIMITED
Java Capital Trustees & Sponsors Pty Ltd,Sponsor,GRINDROD INDEX TRACKER MAN RF PTY LTD
Computershare Investor Services (Pty) Ltd,Transfer Secretary,GRINDROD INDEX TRACKER MAN RF PTY LTD
Sasfin Bank Ltd,Sponsor,GREAT BASIN GOLD LIMITED
Computershare Investor Services (Pty) Ltd,Transfer Secretary,GREAT BASIN GOLD LIMITED
RAND MERCHANT BANK,Debt Sponsor,HOSPITALITY PROPERTY FUND LIMITED
DELOITTE & TOUCHE,Audit Firm,JD GROUP LIMITED
PSG Capital Ltd,Sponsor,JD GROUP LIMITED
Computershare Investor Services (Pty) Ltd,Transfer Secretary,JD GROUP LIMITED
KPMG INCORPORATED,Audit Firm,JSE LIMITED
Computershare Investor Services (Pty) Ltd,Transfer Secretary,JSE LIMITED
ERNST & YOUNG INC,Audit Firm,JASCO ELECTRONICS HOLDINGS LIMITED
GRINDROD BANK LIMITED,Sponsor,JASCO ELECTRONICS HOLDINGS LIMITED
Link Market Services SA (Pty) Ltd,Transfer Secretary,JASCO ELECTRONICS HOLDINGS LIMITED
Computershare Investor Services (Pty) Ltd,Transfer Secretary,JD GROUP LIMITED
DELOITTE & TOUCHE,Audit Firm,KAP INDUSTRIAL HOLDINGS LIMITED
PSG Capital Ltd,Sponsor,KAP INDUSTRIAL HOLDINGS LIMITED
Computershare Investor Services (Pty) Ltd,Transfer Secretary,KAP INDUSTRIAL HOLDINGS LIMITED
PKF SOUTH AFRICA,Audit Firm,KAYDAV GROUP LIMITED
Link Market Services SA (Pty) Ltd,Transfer Secretary,KAYDAV GROUP LIMITED
KPMG INCORPORATED,Audit Firm,KEATON ENERGY HOLDINGS LIMITED
Investec Bank Ltd ( Trading as Investec Securities and Investec Corporate Finance ),Sponsor,KEATON ENERGY HOLDINGS LIMITED
Computershare Investor Services (Pty) Ltd,Transfer Secretary,KEATON ENERGY HOLDINGS LIMITED
Transfer Secretaries,Transfer Secretary,KELLY CORPORATE FINANCE (PTY) LTD
GRANT THORNTON,Audit Firm,KELLY GROUP LIMITED
PSG Capital Ltd,Sponsor,KELLY GROUP LIMITED
Computershare Investor Services (Pty) Ltd,Transfer Secretary,KELLY GROUP LIMITED
River Sponsors (Pty) Ltd,Designated Advisor,KIBO MINING PLC
Computershare Investor Services (Pty) Ltd,Transfer Secretary,KIBO MINING PLC
PRICEWATERHOUSECOOPERS INC,Audit Firm,HULAMIN LIMITED
Rand Merchant Bank Corporate Finance Division,Sponsor,HULAMIN LIMITED
Computershare Investor Services (Pty) Ltd,Transfer Secretary,HULAMIN LIMITED
DELOITTE & TOUCHE,Audit Firm,KUMBA IRON ORE LIMITED
Rand Merchant Bank Corporate Finance Division,Sponsor,KUMBA IRON ORE LIMITED
Computershare Investor Services (Pty) Ltd,Transfer Secretary,KUMBA IRON ORE LIMITED
Computershare Investor Services (Pty) Ltd,Transfer Secretary,HWANGE COLLIERY COMPANY LIMITED
THE STANDARD BANK OF SA LTD,Debt Sponsor,HYPROP INVESTMENTS LIMITED
Transfer Secretaries,Transfer Secretary,HYPROP INVESTMENTS LIMITED
NEXIA SAB & T,Audit Firm,LABAT AFRICA LIMITED
Computershare Investor Services (Pty) Ltd,Transfer Secretary,LABAT AFRICA LIMITED
Transfer Secretaries,Transfer Secretary,IKHAYA RMBS 1 LTD
Transfer Secretaries,Transfer Secretary,LEBOWA ADMINISTRATION BOARD
Transfer Secretaries,Transfer Secretary,LAND & AGRICULTURAL DEV BANK OF SA
PRICEWATERHOUSECOOPERS INC,Audit Firm,LEWIS GROUP LIMITED
UBS Corporate Finance (South Africa) (Pty) Ltd,Sponsor,LEWIS GROUP LIMITED
Computershare Investor Services (Pty) Ltd,Transfer Secretary,LEWIS GROUP LIMITED
ABSA CAPITAL,Debt Sponsor,LEWIS GROUP LIMITED
PRICEWATERHOUSECOOPERS INC,Audit Firm,LIBERTY HOLDINGS LIMITED
Merrill Lynch SA (Pty) Limited,Sponsor,LIBERTY HOLDINGS LIMITED
Computershare Investor Services (Pty) Ltd,Transfer Secretary,LIBERTY HOLDINGS LIMITED
NEXIA SAB & T,Audit Firm,IMBALIE BEAUTY LIMITED
GRINDROD BANK LIMITED,Designated Advisor,IMBALIE BEAUTY LIMITED
Computershare Investor Services (Pty) Ltd,Transfer Secretary,IMBALIE BEAUTY LIMITED
STANDARD BANK OF SOUTH AFRICA LTD,Debt Sponsor,IMPALA PLATINUM HOLDINGS LIMITED
Computershare Investor Services (Pty) Ltd,Transfer Secretary,IMPALA PLATINUM HOLDINGS LIMITED
Transfer Secretaries,Transfer Secretary,LION OF AFRICA INSURANCE CO LTD
PRICEWATERHOUSECOOPERS INC,Audit Firm,LIFE HEALTHCARE GROUP HOLDINGS LTD
Computershare Investor Services (Pty) Ltd,Transfer Secretary,LIFE HEALTHCARE GROUP HOLDINGS LTD
Nedbank Capital a division of Nedbanl Limited,Debt Sponsor,INDUSTRIAL DEVELOPMENT CORP OF SA 
Transfer Secretaries,Transfer Secretary,INDUSTRIAL DEVELOPMENT CORP OF SA 
KPMG INCORPORATED,Audit Firm,LITHA HEALTHCARE GROUP LIMITED
ONE CAPITAL (Pty) Ltd,Sponsor,LITHA HEALTHCARE GROUP LIMITED
Computershare Investor Services (Pty) Ltd,Transfer Secretary,LITHA HEALTHCARE GROUP LIMITED
Strate,Transfer Secretary,INFRASTRUCTURE FINANCE CORP LTD 
Transfer Secretaries,Transfer Secretary,MACQUARIE SEC SOUTH AFRICA LTD
Computershare Investor Services (Pty) Ltd,Transfer Secretary,INVESTEC BANK LIMITED
RAND MERCHANT BANK,Debt Sponsor,INGUZA INVESTMENTS (RF) LIMITED
Transfer Secretaries,Transfer Secretary,INGUZA INVESTMENTS (RF) LIMITED
ERNST & YOUNG INC,Audit Firm,MASSMART HOLDINGS LIMITED
Deutsche Securities SA (Pty) Ltd,Sponsor,MASSMART HOLDINGS LIMITED
Computershare Investor Services (Pty) Ltd,Transfer Secretary,MASSMART HOLDINGS LIMITED
Transfer Secretaries,Transfer Secretary,INTER FERRO METALS (SA) (PTY) LTD
GRANT THORNTON,Audit Firm,MASTER DRILLING GROUP LTD
Sasfin Bank Ltd,Sponsor,MASTER DRILLING GROUP LTD
Computershare Investor Services (Pty) Ltd,Transfer Secretary,MASTER DRILLING GROUP LTD
PRICEWATERHOUSECOOPERS INC,Audit Firm,MEDICLINIC INTERNATIONAL LIMITED
Rand Merchant Bank Corporate Finance Division,Sponsor,MEDICLINIC INTERNATIONAL LIMITED
Computershare Investor Services (Pty) Ltd,Transfer Secretary,MEDICLINIC INTERNATIONAL LIMITED
KPMG INCORPORATED,Audit Firm,MERAFE RESOURCES LIMITED
Merrill Lynch SA (Pty) Limited,Sponsor,MERAFE RESOURCES LIMITED
Link Market Services SA (Pty) Ltd,Transfer Secretary,MERAFE RESOURCES LIMITED
Mazars Inc.,Audit Firm,MAZOR GROUP LIMITED
Bridge Capital Advisors  (Pty) Ltd,Sponsor,MAZOR GROUP LIMITED
Computershare Investor Services (Pty) Ltd,Transfer Secretary,MAZOR GROUP LIMITED
Transfer Secretaries,Transfer Secretary,MAURITIUS COMMERCIAL BANK LIMITED
Strate,Transfer Secretary,INVESTEC BANK LIMITED
PRICEWATERHOUSECOOPERS INC,Audit Firm,METAIR INVESTMENTS LIMITED
ONE CAPITAL (Pty) Ltd,Sponsor,METAIR INVESTMENTS LIMITED
Computershare Investor Services (Pty) Ltd,Transfer Secretary,METAIR INVESTMENTS LIMITED
Strate,Transfer Secretary,INVESTEC BANK LIMITED
Computershare Investor Services (Pty) Ltd,Transfer Secretary,INVESTEC LIMITED
Transfer Secretaries,Transfer Secretary,Metropolitan Life Limited
ERNST & YOUNG INC,Audit Firm,INVESTEC PROPERTY FUND LIMITED
Investec Bank Ltd ( Trading as Investec Securities and Investec Corporate Finance ),Sponsor,INVESTEC PROPERTY FUND LIMITED
Computershare Investor Services (Pty) Ltd,Transfer Secretary,INVESTEC PROPERTY FUND LIMITED
INVESTEC BANK LTD,Debt Sponsor,INVESTEC PROPERTY FUND LIMITED
Transfer Secretaries,Transfer Secretary,INVESTEC PROPERTY FUND LIMITED
Computershare Investor Services (Pty) Ltd,Transfer Secretary,Mine Waste Solutions (Pty) Ltd
PRICEWATERHOUSECOOPERS INC,Audit Firm,MIX TELEMATICS LIMITED
Computershare Investor Services (Pty) Ltd,Transfer Secretary,MIX TELEMATICS LIMITED
PRICEWATERHOUSECOOPERS INC,Audit Firm,MMI HOLDINGS LIMITED
Link Market Services SA (Pty) Ltd,Transfer Secretary,MMI HOLDINGS LIMITED
NEXIA SAB & T,Audit Firm,MICROMEGA HOLDINGS LIMITED
MERCHANTEC CAPITAL,Sponsor,MICROMEGA HOLDINGS LIMITED
Computershare Investor Services (Pty) Ltd,Transfer Secretary,MICROMEGA HOLDINGS LIMITED
Computershare Investor Services (Pty) Ltd,Transfer Secretary,MERCEDES-BENZ SOUTH AFRICA LIMITED
Nedbank Capital ( a division of Nedbank Ltd),Sponsor,ISITSABA LIMITED
Computershare Investor Services (Pty) Ltd,Transfer Secretary,ISITSABA LIMITED
Vunani Corporate Finance (Pty) Ltd,Sponsor,ITRIX CIS
Strate,Transfer Secretary,ITRIX CIS
UBS Corporate Finance (South Africa) (Pty) Ltd,Sponsor,MONDI PLC
Link Market Services SA (Pty) Ltd,Transfer Secretary,MONDI PLC
Mazars Inc.,Audit Firm,MORVEST BUSINESS GROUP LIMITED
Sasfin Bank Ltd,Sponsor,MORVEST BUSINESS GROUP LIMITED
Computershare Investor Services (Pty) Ltd,Transfer Secretary,MORVEST BUSINESS GROUP LIMITED
Transfer Secretaries,Transfer Secretary,IVUZI INVESTMENTS LIMITED
DELOITTE & TOUCHE,Audit Firm,MPACT LIMITED
Rand Merchant Bank Corporate Finance Division,Sponsor,MPACT LIMITED
Link Market Services SA (Pty) Ltd,Transfer Secretary,MPACT LIMITED
ERNST & YOUNG INC,Audit Firm,MR PRICE GROUP LIMITED
Rand Merchant Bank Corporate Finance Division,Sponsor,MR PRICE GROUP LIMITED
Computershare Investor Services (Pty) Ltd,Transfer Secretary,MR PRICE GROUP LIMITED
SIZWENTSALUBAGOBODO INCORPORATED,Audit Firm,MTN GROUP LIMITED
PRICEWATERHOUSECOOPERS INC,Audit Firm,MTN GROUP LIMITED
Deutsche Securities SA (Pty) Ltd,Sponsor,MTN GROUP LIMITED
Computershare Investor Services (Pty) Ltd,Transfer Secretary,MTN GROUP LIMITED
DELOITTE & TOUCHE,Audit Firm,MURRAY & ROBERTS HOLDINGS LIMITED
Deutsche Securities SA (Pty) Ltd,Sponsor,MURRAY & ROBERTS HOLDINGS LIMITED
Link Market Services SA (Pty) Ltd,Transfer Secretary,MURRAY & ROBERTS HOLDINGS LIMITED
Transfer Secretaries,Transfer Secretary,KOMATI RIVER BASIN AUTHORITY
DELOITTE & TOUCHE,Audit Firm,MUSTEK LIMITED
Deloitte & Touche Sponsor Services (Pty) Ltd,Sponsor,MUSTEK LIMITED
Computershare Investor Services (Pty) Ltd,Transfer Secretary,MUSTEK LIMITED
DELOITTE & TOUCHE,Audit Firm,NAMPAK LIMITED
UBS Corporate Finance (South Africa) (Pty) Ltd,Sponsor,NAMPAK LIMITED
Computershare Investor Services (Pty) Ltd,Transfer Secretary,NAMPAK LIMITED
SAFFERY CHAMPNESS GAT,Audit Firm,JUBILEE PLATINUM PLC
Sasfin Bank Ltd,Designated Advisor,JUBILEE PLATINUM PLC
Computershare Investor Services (Pty) Ltd,Transfer Secretary,JUBILEE PLATINUM PLC
Computershare Investor Services (Pty) Ltd,Transfer Secretary,NAMPAK PRODUCTS LTD
PKF SOUTH AFRICA,Audit Firm,MIRANDA MINERAL HOLDINGS LIMITED
Computershare Investor Services (Pty) Ltd,Transfer Secretary,MIRANDA MINERAL HOLDINGS LIMITED
Transfer Secretaries,Transfer Secretary,NBC FUTURE GUARD (PTY) LIMITED
Computershare Investor Services (Pty) Ltd,Transfer Secretary,KAGISO SIZANANI CAPITAL LTD (RF)
Merrill Lynch SA (Pty) Limited,Sponsor,NEDBANK GROUP LIMITED
Nedbank Capital ( a division of Nedbank Ltd),Sponsor,NEDBANK GROUP LIMITED
Computershare Investor Services (Pty) Ltd,Transfer Secretary,NEDBANK GROUP LIMITED
Computershare Investor Services (Pty) Ltd,Transfer Secretary,NEDBANK LIMITED
Strate,Transfer Secretary,NEDBANK LIMITED
PSG CAPITAL LTD,Debt Sponsor,KAP INDUSTRIAL HOLDINGS LIMITED
Computershare Investor Services (Pty) Ltd,Transfer Secretary,KAP INDUSTRIAL HOLDINGS LIMITED
DELOITTE & TOUCHE,Audit Firm,NEDBANK LTD
GRANT THORNTON,Audit Firm,NETCARE LIMITED
Nedbank Capital ( a division of Nedbank Ltd),Sponsor,NETCARE LIMITED
Link Market Services SA (Pty) Ltd,Transfer Secretary,NETCARE LIMITED
ERNST & YOUNG INC,Audit Firm,NEW GOLD ISSUER LIMITED
ERNST & YOUNG INC,Audit Firm,NEW EUROPE PROPERTY INVESTMENTS PLC 
Java Capital Trustees & Sponsors Pty Ltd,Sponsor,NEW EUROPE PROPERTY INVESTMENTS PLC 
Computershare Investor Services (Pty) Ltd,Transfer Secretary,NEW EUROPE PROPERTY INVESTMENTS PLC 
ERNST & YOUNG INC,Audit Firm,NEWFUNDS MANAGER (Proprietary) Limited
Computershare Investor Services (Pty) Ltd,Transfer Secretary,NEWFUNDS MANAGER (Proprietary) Limited
STANDARD BANK OF SOUTH AFRICA LTD,Debt Sponsor,Letshego Holdings Limited
Computershare Investor Services (Pty) Ltd,Transfer Secretary,Letshego Holdings Limited
Computershare Investor Services (Pty) Ltd,Transfer Secretary,LIBERTY GROUP LIMITED
PKF SOUTH AFRICA,Audit Firm,NIVEUS INVESTMENTS LTD
PSG Capital Ltd,Sponsor,NIVEUS INVESTMENTS LTD
Computershare Investor Services (Pty) Ltd,Transfer Secretary,NIVEUS INVESTMENTS LTD
ERNST & YOUNG INC,Audit Firm,NORTHAM PLATINUM LIMITED
ONE CAPITAL (Pty) Ltd,Sponsor,NORTHAM PLATINUM LIMITED
Computershare Investor Services (Pty) Ltd,Transfer Secretary,NORTHAM PLATINUM LIMITED
Sasfin Bank Ltd,Sponsor,LONDON FINANCE AND INVEST. GRP PLC
Computershare Investor Services (Pty) Ltd,Transfer Secretary,LONDON FINANCE AND INVEST. GRP PLC
JP Morgan Equities Ltd,Sponsor,LONMIN PLC
Link Market Services SA (Pty) Ltd,Transfer Secretary,LONMIN PLC
Transfer Secretaries,Transfer Secretary,NQABA FINANCE 1 (RF) LIMITED
Java Capital Trustees & Sponsors Pty Ltd,Designated Advisor,MAS REAL ESTATE INC
Computershare Investor Services (Pty) Ltd,Transfer Secretary,MAS REAL ESTATE INC
SAFFERY CHAMPNESS GAT,Audit Firm,MARSHALL MONTEAGLE PLC
Sasfin Bank Ltd,Sponsor,MARSHALL MONTEAGLE PLC
Computershare Investor Services (Pty) Ltd,Transfer Secretary,MARSHALL MONTEAGLE PLC
DELOITTE & TOUCHE,Audit Firm,MASONITE (AFRICA) LIMITED
Nedbank Capital ( a division of Nedbank Ltd),Sponsor,MASONITE (AFRICA) LIMITED
Computershare Investor Services (Pty) Ltd,Transfer Secretary,MASONITE (AFRICA) LIMITED
Macquarie First South Corporate Finance (Pty) Ltd,Sponsor,OANDO PLC
Computershare Investor Services (Pty) Ltd,Transfer Secretary,OANDO PLC
TUFFIAS SANDBERG KSI,Audit Firm,NU-WORLD HOLDINGS LIMITED
Computershare Investor Services (Pty) Ltd,Transfer Secretary,NU-WORLD HOLDINGS LIMITED
Computershare Investor Services (Pty) Ltd,Transfer Secretary,OCTANE ABS 1 (PROPRIETARY) LTD
Computershare Investor Services (Pty) Ltd,Transfer Secretary,OLD MUTUAL LIFE ASSURANCE CO SA LTD
DELOITTE & TOUCHE,Audit Firm,METROFILE HOLDINGS LIMITED
Computershare Investor Services (Pty) Ltd,Transfer Secretary,METROFILE HOLDINGS LIMITED
GRANT THORNTON,Audit Firm,METMAR LIMITED
Nedbank Capital ( a division of Nedbank Ltd),Sponsor,METMAR LIMITED
Computershare Investor Services (Pty) Ltd,Transfer Secretary,METMAR LIMITED
Merrill Lynch SA (Pty) Limited,Sponsor,OLD MUTUAL PLC
Nedbank Capital ( a division of Nedbank Ltd),Sponsor,OLD MUTUAL PLC
Computershare Investor Services (Pty) Ltd,Transfer Secretary,OLD MUTUAL PLC
Link Market Services SA (Pty) Ltd,Transfer Secretary,METROPOLITAN HOLDINGS LIMITED
Link Market Services SA (Pty) Ltd,Transfer Secretary,OMNIA GROUP (PTY) LTD
HOWARTH LEVETON BONER,Audit Firm,MINE RESTORATION INVESTMENTS LTD
Sasfin Bank Ltd,Designated Advisor,MINE RESTORATION INVESTMENTS LTD
Computershare Investor Services (Pty) Ltd,Transfer Secretary,MINE RESTORATION INVESTMENTS LTD
Transfer Secretaries,Transfer Secretary,MOBILE TEL NETWORKS HLDGS (PTY) LTD
Transfer Secretaries,Transfer Secretary,ONTHECARDS INVEST II (PTY) LTD
Link Market Services SA (Pty) Ltd,Transfer Secretary,Momentum Group Limited
Mazars Inc.,Audit Firm,ORION REAL ESTATE LIMITED
ARCAY MOELA SPONSOR (PTY) LTD,Sponsor,ORION REAL ESTATE LIMITED
Computershare Investor Services (Pty) Ltd,Transfer Secretary,ORION REAL ESTATE LIMITED
DELOITTE & TOUCHE,Audit Firm,MONDI LIMITED
Link Market Services SA (Pty) Ltd,Transfer Secretary,MONDI LIMITED
BDO SOUTH AFRICA INCORPORATED,Audit Firm,MONEYWEB HOLDINGS LIMITED
ARCAY MOELA SPONSOR (PTY) LTD,Designated Advisor,MONEYWEB HOLDINGS LIMITED
Computershare Investor Services (Pty) Ltd,Transfer Secretary,MONEYWEB HOLDINGS LIMITED
DELOITTE & TOUCHE,Audit Firm,PAN AFRICAN RESOURCES PLC
ONE CAPITAL (Pty) Ltd,Sponsor,PAN AFRICAN RESOURCES PLC
Computershare Investor Services (Pty) Ltd,Transfer Secretary,PAN AFRICAN RESOURCES PLC
KPMG INCORPORATED,Audit Firm,NICTUS BEPERK
KPMG Services (Pty) Ltd,Sponsor,NICTUS BEPERK
Computershare Investor Services (Pty) Ltd,Transfer Secretary,NICTUS BEPERK
KPMG INCORPORATED,Audit Firm,PICK N PAY HOLDINGS LIMITED
Investec Bank Ltd ( Trading as Investec Securities and Investec Corporate Finance ),Sponsor,PICK N PAY HOLDINGS LIMITED
Computershare Investor Services (Pty) Ltd,Transfer Secretary,PICK N PAY HOLDINGS LIMITED
KPMG INCORPORATED,Audit Firm,PHUMELELA GAMING & LEISURE LIMITED
Investec Bank Ltd ( Trading as Investec Securities and Investec Corporate Finance ),Sponsor,PHUMELELA GAMING & LEISURE LIMITED
Computershare Investor Services (Pty) Ltd,Transfer Secretary,PHUMELELA GAMING & LEISURE LIMITED
Transfer Secretaries,Transfer Secretary,PICK N PAY STORES LIMITED
BDO SOUTH AFRICA INCORPORATED,Audit Firm,PINNACLE HOLDINGS LTD
Deloitte & Touche Sponsor Services (Pty) Ltd,Sponsor,PINNACLE HOLDINGS LTD
Computershare Investor Services (Pty) Ltd,Transfer Secretary,PINNACLE HOLDINGS LTD
PRICEWATERHOUSECOOPERS INC,Audit Firm,NASPERS LIMITED
Investec Bank Ltd ( Trading as Investec Securities and Investec Corporate Finance ),Sponsor,NASPERS LIMITED
Link Market Services SA (Pty) Ltd,Transfer Secretary,NASPERS LIMITED
Transfer Secretaries,Transfer Secretary,NECSA
Computershare Investor Services (Pty) Ltd,Transfer Secretary,NEDBANK LIMITED
PRICEWATERHOUSECOOPERS INC,Audit Firm,PIONEER FOOD GROUP LIMITED
PSG Capital Ltd,Sponsor,PIONEER FOOD GROUP LIMITED
Computershare Investor Services (Pty) Ltd,Transfer Secretary,PIONEER FOOD GROUP LIMITED
ARCAY MOELA SPONSOR (PTY) LTD,Sponsor,PINNACLE POINT GROUP LIMITED
Computershare Investor Services (Pty) Ltd,Transfer Secretary,PINNACLE POINT GROUP LIMITED
Investec Bank Ltd ( Trading as Investec Securities and Investec Corporate Finance ),Sponsor,NEDBANK LIMITED1 
Nedbank Capital ( a division of Nedbank Ltd),Sponsor,NEDBANK LIMITED1 
Computershare Investor Services (Pty) Ltd,Transfer Secretary,NEDBANK LIMITED1 
KPMG INCORPORATED,Audit Firm,POYNTING HOLDINGS LIMITED
MERCHANTEC CAPITAL,Designated Advisor,POYNTING HOLDINGS LIMITED
Computershare Investor Services (Pty) Ltd,Transfer Secretary,POYNTING HOLDINGS LIMITED
DELOITTE & TOUCHE,Audit Firm,NET 1 UEPS TECHNOLOGIES INC
Deutsche Securities SA (Pty) Ltd,Sponsor,NET 1 UEPS TECHNOLOGIES INC
Link Market Services SA (Pty) Ltd,Transfer Secretary,NET 1 UEPS TECHNOLOGIES INC
Link Market Services SA (Pty) Ltd,Transfer Secretary,NETCARE LIMITED
DELOITTE & TOUCHE,Audit Firm,PPC LIMITED
Merrill Lynch SA (Pty) Limited,Sponsor,PPC LIMITED
Link Market Services SA (Pty) Ltd,Transfer Secretary,PPC LIMITED
ERNST & YOUNG INC,Audit Firm,NEW GOLD ISSUER LIMITED
ABSA CAPITAL,Sponsor,NEW GOLD ISSUER LIMITED
Computershare Investor Services (Pty) Ltd,Transfer Secretary,NEW GOLD ISSUER LIMITED
ERNST & YOUNG INC,Audit Firm,NEWFUNDS COLLECTIVE INVEST SCHEME
ABSA CAPITAL,Sponsor,NEWFUNDS COLLECTIVE INVEST SCHEME
Computershare Investor Services (Pty) Ltd,Transfer Secretary,NEWFUNDS COLLECTIVE INVEST SCHEME
GRANT THORNTON,Audit Firm,PREMIUM PROPERTIES LIMITED
Nedbank Capital ( a division of Nedbank Ltd),Sponsor,PREMIUM PROPERTIES LIMITED
Computershare Investor Services (Pty) Ltd,Transfer Secretary,PREMIUM PROPERTIES LIMITED
Transfer Secretaries,Transfer Secretary,PREMIUM PROPERTIES LIMITED
KPMG INCORPORATED,Audit Firm,PRESCIENT LIMITED
Bridge Capital Advisors  (Pty) Ltd,Sponsor,PRESCIENT LIMITED
Computershare Investor Services (Pty) Ltd,Transfer Secretary,PRESCIENT LIMITED
Link Market Services SA (Pty) Ltd,Transfer Secretary,PRESCIENT LIMITED
Deloitte & Touche Sponsor Services (Pty) Ltd,Sponsor,PRIMESERV GROUP LIMITED
Computershare Investor Services (Pty) Ltd,Transfer Secretary,PRIMESERV GROUP LIMITED
Transfer Secretaries,Transfer Secretary,PRIVATE MORTGAGES 3 (PTY) LIMITED
Transfer Secretaries,Transfer Secretary,NITRO SECURITISATION 2 (PTY) LTD
Transfer Secretaries,Transfer Secretary,PRIVATE RES MORT SERIES 2 (PTY) LTD
PSG Capital Ltd,Sponsor,PSG FINANCIAL SERVICES LIMITED
Computershare Investor Services (Pty) Ltd,Transfer Secretary,PSG FINANCIAL SERVICES LIMITED
Transfer Secretaries,Transfer Secretary,PSG FINANCIAL SERVICES LIMITED
PRICEWATERHOUSECOOPERS INC,Audit Firm,PSG GROUP LIMITED
PSG Capital Ltd,Sponsor,PSG GROUP LIMITED
Computershare Investor Services (Pty) Ltd,Transfer Secretary,PSG GROUP LIMITED
PSG Capital Ltd,Sponsor,PSG KONSULT LIMITED
QUESTCO (PTY) LIMITED,Sponsor,PSG KONSULT LIMITED
Computershare Investor Services (Pty) Ltd,Transfer Secretary,PSG KONSULT LIMITED
CERTIFIED MASTER AUDITORS (SA) INC,Audit Firm,PSV HOLDINGS LIMITED
MERCHANTEC CAPITAL,Designated Advisor,PSV HOLDINGS LIMITED
Link Market Services SA (Pty) Ltd,Transfer Secretary,PSV HOLDINGS LIMITED
GRANT THORNTON,Audit Firm,NUTRITIONAL HOLDINGS LIMITED
Link Market Services SA (Pty) Ltd,Transfer Secretary,NUTRITIONAL HOLDINGS LIMITED
ONE CAPITAL (Pty) Ltd,Debt Sponsor,NORTHAM PLATINUM LIMITED
GRANT THORNTON,Audit Firm,QUANTUM PROPERTY GROUP LIMITED
Computershare Investor Services (Pty) Ltd,Transfer Secretary,QUANTUM PROPERTY GROUP LIMITED
BDO SOUTH AFRICA INCORPORATED,Audit Firm,PURPLE GROUP LIMITED
Deloitte & Touche Sponsor Services (Pty) Ltd,Sponsor,PURPLE GROUP LIMITED
Link Market Services SA (Pty) Ltd,Transfer Secretary,PURPLE GROUP LIMITED
Computershare Investor Services (Pty) Ltd,Transfer Secretary,RAND MERCHANT BANK
PRICEWATERHOUSECOOPERS INC,Audit Firm,OASIS CRESCENT PROPERTY FUND
PSG Capital Ltd,Designated Advisor,OASIS CRESCENT PROPERTY FUND
Computershare Investor Services (Pty) Ltd,Transfer Secretary,OASIS CRESCENT PROPERTY FUND
PRICEWATERHOUSECOOPERS INC,Audit Firm,RAND MERCHANT INSURANCE HLDGS LTD
Baker Tilly Greenwoods,Audit Firm,RARE HOLDINGS LIMITED
PSG Capital Ltd,Designated Advisor,RARE HOLDINGS LIMITED
Computershare Investor Services (Pty) Ltd,Transfer Secretary,RARE HOLDINGS LIMITED
KPMG INCORPORATED,Audit Firm,RANDGOLD & EXPLORATION COMPANY LTD
PSG Capital Ltd,Sponsor,RANDGOLD & EXPLORATION COMPANY LTD
Computershare Investor Services (Pty) Ltd,Transfer Secretary,RANDGOLD & EXPLORATION COMPANY LTD
DELOITTE & TOUCHE,Audit Firm,OCTODEC INVESTMENTS LIMITED
Nedbank Capital ( a division of Nedbank Ltd),Sponsor,OCTODEC INVESTMENTS LIMITED
Computershare Investor Services (Pty) Ltd,Transfer Secretary,OCTODEC INVESTMENTS LIMITED
LOGISTA,Audit Firm,RBA HOLDINGS LIMITED
Exchange Sponsors (2008)(Pty) Ltd,Designated Advisor,RBA HOLDINGS LIMITED
Computershare Investor Services (Pty) Ltd,Transfer Secretary,RBA HOLDINGS LIMITED
PRICEWATERHOUSECOOPERS INC,Audit Firm,RAUBEX GROUP LIMITED
Investec Bank Ltd ( Trading as Investec Securities and Investec Corporate Finance ),Sponsor,RAUBEX GROUP LIMITED
Computershare Investor Services (Pty) Ltd,Transfer Secretary,RAUBEX GROUP LIMITED
PRICEWATERHOUSECOOPERS INC,Audit Firm,RCL FOODS LIMITED
Rand Merchant Bank Corporate Finance Division,Sponsor,RCL FOODS LIMITED
Computershare Investor Services (Pty) Ltd,Transfer Secretary,RCL FOODS LIMITED
Transfer Secretaries,Transfer Secretary,REAL PEOPLE INV HOLDINGS LTD
Link Market Services SA (Pty) Ltd,Transfer Secretary,OMNIA HOLDINGS (Pty) LIMITED
PRICEWATERHOUSECOOPERS INC,Audit Firm,OMNIA HOLDINGS LIMITED
MERCHANTEC CAPITAL,Sponsor,OMNIA HOLDINGS LIMITED
Link Market Services SA (Pty) Ltd,Transfer Secretary,OMNIA HOLDINGS LIMITED
PKF SOUTH AFRICA,Audit Firm,REBOSIS PROPERTY FUND LIMITED
Java Capital Trustees & Sponsors Pty Ltd,Sponsor,REBOSIS PROPERTY FUND LIMITED
Computershare Investor Services (Pty) Ltd,Transfer Secretary,REBOSIS PROPERTY FUND LIMITED
ERNST & YOUNG INC,Audit Firm,RECM AND CALIBRE LIMITED
QUESTCO (PTY) LIMITED,Sponsor,RECM AND CALIBRE LIMITED
Link Market Services SA (Pty) Ltd,Transfer Secretary,RECM AND CALIBRE LIMITED
KPMG INCORPORATED,Audit Firm,REDEFINE INTERNATIONAL PLC
Java Capital Trustees & Sponsors Pty Ltd,Sponsor,REDEFINE INTERNATIONAL PLC
Computershare Investor Services (Pty) Ltd,Transfer Secretary,REDEFINE INTERNATIONAL PLC
PRICEWATERHOUSECOOPERS INC,Audit Firm,ONELOGIX GROUP LIMITED
Java Capital Trustees & Sponsors Pty Ltd,Sponsor,ONELOGIX GROUP LIMITED
Computershare Investor Services (Pty) Ltd,Transfer Secretary,ONELOGIX GROUP LIMITED
PKF SOUTH AFRICA,Audit Firm,REDEFINE PROPERTIES LIMITED
Java Capital Trustees & Sponsors Pty Ltd,Sponsor,REDEFINE PROPERTIES LIMITED
Computershare Investor Services (Pty) Ltd,Transfer Secretary,REDEFINE PROPERTIES LIMITED
SAFFERY CHAMPNESS GAT,Audit Firm,PALLINGHURST RESOURCES LIMITED
Investec Bank Ltd ( Trading as Investec Securities and Investec Corporate Finance ),Sponsor,PALLINGHURST RESOURCES LIMITED
Computershare Investor Services (Pty) Ltd,Transfer Secretary,PALLINGHURST RESOURCES LIMITED
Link Market Services SA (Pty) Ltd,Transfer Secretary,PAMODZI GOLD LIMITED
Mazars Inc.,Audit Firm,PUTPROP LIMITED
MERCHANTEC CAPITAL,Sponsor,PUTPROP LIMITED
Computershare Investor Services (Pty) Ltd,Transfer Secretary,PUTPROP LIMITED
KPMG INCORPORATED,Audit Firm,PEREGRINE HOLDINGS LIMITED
Java Capital Trustees & Sponsors Pty Ltd,Sponsor,PEREGRINE HOLDINGS LIMITED
Computershare Investor Services (Pty) Ltd,Transfer Secretary,PEREGRINE HOLDINGS LIMITED
PRICEWATERHOUSECOOPERS INC,Audit Firm,REMGRO LIMITED
Rand Merchant Bank Corporate Finance Division,Sponsor,REMGRO LIMITED
Computershare Investor Services (Pty) Ltd,Transfer Secretary,REMGRO LIMITED
KPMG INCORPORATED,Audit Firm,PETMIN LIMITED
River Sponsors (Pty) Ltd,Sponsor,PETMIN LIMITED
Computershare Investor Services (Pty) Ltd,Transfer Secretary,PETMIN LIMITED
NATIONAL TREASURY,Debt Sponsor,REPUBLIC OF SOUTH AFRICA
Transfer Secretaries,Transfer Secretary,REPUBLIC OF SOUTH AFRICA
Transfer Secretaries,Transfer Secretary,PHAELLO FINANCE COMPANY (PTY) LTD
DELOITTE & TOUCHE,Audit Firm,REUNERT LIMITED
Rand Merchant Bank Corporate Finance Division,Sponsor,REUNERT LIMITED
Computershare Investor Services (Pty) Ltd,Transfer Secretary,REUNERT LIMITED
KPMG INCORPORATED,Audit Firm,REX TRUEFORM CLOTHING COMPANY LTD
Java Capital Trustees & Sponsors Pty Ltd,Sponsor,REX TRUEFORM CLOTHING COMPANY LTD
Computershare Investor Services (Pty) Ltd,Transfer Secretary,REX TRUEFORM CLOTHING COMPANY LTD
KPMG INCORPORATED,Audit Firm,PICK N PAY STORES LIMITED
Investec Bank Ltd ( Trading as Investec Securities and Investec Corporate Finance ),Sponsor,PICK N PAY STORES LIMITED
Computershare Investor Services (Pty) Ltd,Transfer Secretary,PICK N PAY STORES LIMITED
BDO SOUTH AFRICA INCORPORATED,Audit Firm,ROCKCASTLE GLOBAL REAL EST CO LTD
Java Capital Trustees & Sponsors Pty Ltd,Designated Advisor,ROCKCASTLE GLOBAL REAL EST CO LTD
Link Market Services SA (Pty) Ltd,Transfer Secretary,ROCKCASTLE GLOBAL REAL EST CO LTD
KPMG INCORPORATED,Audit Firm,ROCKWELL DIAMONDS INCORPORATED
PSG Capital Ltd,Sponsor,ROCKWELL DIAMONDS INCORPORATED
Computershare Investor Services (Pty) Ltd,Transfer Secretary,ROCKWELL DIAMONDS INCORPORATED
SIZWENTSALUBAGOBODO INCORPORATED,Audit Firm,ROLFES HOLDINGS LIMITED
GRINDROD BANK LIMITED,Sponsor,ROLFES HOLDINGS LIMITED
Computershare Investor Services (Pty) Ltd,Transfer Secretary,ROLFES HOLDINGS LIMITED
PRICEWATERHOUSECOOPERS INC,Audit Firm,ROYAL BAFOKENG PLATINUM LIMITED
Macquarie First South Corporate Finance (Pty) Ltd,Sponsor,ROYAL BAFOKENG PLATINUM LIMITED
Computershare Investor Services (Pty) Ltd,Transfer Secretary,ROYAL BAFOKENG PLATINUM LIMITED
Transfer Secretaries,Transfer Secretary,SA EARLS LIMITED
PKF SOUTH AFRICA,Audit Firm,PLATFIELDS LIMITED
ARCAY MOELA SPONSOR (PTY) LTD,Sponsor,PLATFIELDS LIMITED
Computershare Investor Services (Pty) Ltd,Transfer Secretary,PLATFIELDS LIMITED
Computershare Investor Services (Pty) Ltd,Transfer Secretary,SA HOME LOANS (PTY) LTD
ABSA CAPITAL,Debt Sponsor,PPC LIMITED
Link Market Services SA (Pty) Ltd,Transfer Secretary,PPC LIMITED
Transfer Secretaries,Transfer Secretary,PRECINCT FUNDING 1 (RF) LTD
PKF SOUTH AFRICA,Audit Firm,SABLE METALS & MINERAL LTD
Java Capital Trustees & Sponsors Pty Ltd,Sponsor,SABLE METALS & MINERAL LTD
Computershare Investor Services (Pty) Ltd,Transfer Secretary,SABLE METALS & MINERAL LTD
Macquarie First South Corporate Finance (Pty) Ltd,Sponsor,RESOURCE GENERATION LIMITED
Computershare Investor Services (Pty) Ltd,Transfer Secretary,RESOURCE GENERATION LIMITED
Transfer Secretaries,Transfer Secretary,PRIME REAL OBLI PACK SEC (PTY) LTD
JP Morgan Equities Ltd,Sponsor,SABMILLER PLC
Computershare Investor Services (Pty) Ltd,Transfer Secretary,SABMILLER PLC
ERNST & YOUNG INC,Audit Firm,SACOIL HOLDINGS LIMITED
Nedbank Capital ( a division of Nedbank Ltd),Sponsor,SACOIL HOLDINGS LIMITED
Link Market Services SA (Pty) Ltd,Transfer Secretary,SACOIL HOLDINGS LIMITED
DELOITTE & TOUCHE,Audit Firm,SABVEST LIMITED
Computershare Investor Services (Pty) Ltd,Transfer Secretary,SABVEST LIMITED
Transfer Secretaries,Transfer Secretary,PRIVATE MORTGAGES 1 (PTY) LTD
Transfer Secretaries,Transfer Secretary,PRIVATE MORTGAGES 2 (PTY) LTD
Rand Merchant Bank Corporate Finance Division,Sponsor,REINET INVESTMENTS S.C.A
Computershare Investor Services (Pty) Ltd,Transfer Secretary,REINET INVESTMENTS S.C.A
Transfer Secretaries,Transfer Secretary,SANLAM LIFE INSURANCE LIMITED
Transfer Secretaries,Transfer Secretary,PROCUL LIMITED
DELOITTE & TOUCHE,Audit Firm,PROTECH KHUTHELE HOLDINGS LIMITED
Deloitte & Touche Sponsor Services (Pty) Ltd,Sponsor,PROTECH KHUTHELE HOLDINGS LIMITED
Link Market Services SA (Pty) Ltd,Transfer Secretary,PROTECH KHUTHELE HOLDINGS LIMITED
Deutsche Securities SA (Pty) Ltd,Sponsor,SANLAM LIMITED
Computershare Investor Services (Pty) Ltd,Transfer Secretary,SANLAM LIMITED
PRICEWATERHOUSECOOPERS INC,Audit Firm,SANTAM LIMITED
Investec Bank Ltd ( Trading as Investec Securities and Investec Corporate Finance ),Sponsor,SANTAM LIMITED
Computershare Investor Services (Pty) Ltd,Transfer Secretary,SANTAM LIMITED
DELOITTE & TOUCHE,Audit Firm,SANTOVA LIMITED
River Sponsors (Pty) Ltd,Sponsor,SANTOVA LIMITED
Computershare Investor Services (Pty) Ltd,Transfer Secretary,SANTOVA LIMITED
DELOITTE & TOUCHE,Audit Firm,SAPPI LIMITED
UBS Corporate Finance (South Africa) (Pty) Ltd,Sponsor,SAPPI LIMITED
Computershare Investor Services (Pty) Ltd,Transfer Secretary,SAPPI LIMITED
Computershare Investor Services (Pty) Ltd,Transfer Secretary,SANTAM LIMITED
Transfer Secretaries,Transfer Secretary,SASOL FINANCING (PTY) LIMITED
PRICEWATERHOUSECOOPERS INC,Audit Firm,SASOL LIMITED
Deutsche Securities SA (Pty) Ltd,Sponsor,SASOL LIMITED
Computershare Investor Services (Pty) Ltd,Transfer Secretary,SASOL LIMITED
ERNST & YOUNG INC,Audit Firm,SATRIX COLLECTIVE INVESTMENT SCHEME
Vunani Corporate Finance (Pty) Ltd,Sponsor,SATRIX COLLECTIVE INVESTMENT SCHEME
Computershare Investor Services (Pty) Ltd,Transfer Secretary,SATRIX COLLECTIVE INVESTMENT SCHEME
ERNST & YOUNG INC,Audit Firm,SATRIX COLLECTIVE INVESTMENT SCHEME
Java Capital Trustees & Sponsors Pty Ltd,Sponsor,SATRIX COLLECTIVE INVESTMENT SCHEME
Computershare Investor Services (Pty) Ltd,Transfer Secretary,SATRIX COLLECTIVE INVESTMENT SCHEME
UBS Corporate Finance (South Africa) (Pty) Ltd,Sponsor,SB RETAIL JIBAR FEB 08
Computershare Investor Services (Pty) Ltd,Transfer Secretary,SB RETAIL JIBAR FEB 08
Computershare Investor Services (Pty) Ltd,Transfer Secretary,SBG Securities (Pty) Ltd
NEXIA SAB & T,Audit Firm,SEA KAY HOLDINGS LIMITED
Link Market Services SA (Pty) Ltd,Transfer Secretary,SEA KAY HOLDINGS LIMITED
Transfer Secretaries,Transfer Secretary,RAND WATER BOARD
KPMG INCORPORATED,Audit Firm,SEARDEL INVESTMENT CORPORATION LTD
Investec Bank Ltd ( Trading as Investec Securities and Investec Corporate Finance ),Sponsor,SEARDEL INVESTMENT CORPORATION LTD
Computershare Investor Services (Pty) Ltd,Transfer Secretary,SEARDEL INVESTMENT CORPORATION LTD
DELOITTE & TOUCHE,Audit Firm,OCEANA GROUP LIMITED
THE STANDARD BANK OF SA LTD,Sponsor,OCEANA GROUP LIMITED
Computershare Investor Services (Pty) Ltd,Transfer Secretary,OCEANA GROUP LIMITED
Rand Merchant Bank Corporate Finance Division,Sponsor,RCS INVESTMENT HOLDINGS LTD
Transfer Secretaries,Transfer Secretary,RCS INVESTMENT HOLDINGS LTD
NOLANDS INC,Audit Firm,SHERBOURNE CAPITAL LIMITED
Bridge Capital Advisors (Pty) Ltd,Designated Advisor,SHERBOURNE CAPITAL LIMITED
Link Market Services SA (Pty) Ltd,Transfer Secretary,SHERBOURNE CAPITAL LIMITED
GRANT THORNTON,Audit Firm,SEPHAKU HOLDINGS LIMITED
QUESTCO (PTY) LIMITED,Sponsor,SEPHAKU HOLDINGS LIMITED
Computershare Investor Services (Pty) Ltd,Transfer Secretary,SEPHAKU HOLDINGS LIMITED
Transfer Secretaries,Transfer Secretary,SHAFT SINKERS (PTY) LTD
RAND MERCHANT BANK,Debt Sponsor,SHISA INVESTMENTS (PTY) LIMITED
Transfer Secretaries,Transfer Secretary,SHISA INVESTMENTS (PTY) LIMITED
PKF SOUTH AFRICA,Audit Firm,SEKUNJALO INVESTMENTS LIMITED
PSG Capital Ltd,Sponsor,SEKUNJALO INVESTMENTS LIMITED
Link Market Services SA (Pty) Ltd,Transfer Secretary,SEKUNJALO INVESTMENTS LIMITED
PRICEWATERHOUSECOOPERS INC,Audit Firm,SHOPRITE HOLDINGS LIMITED
Nedbank Capital ( a division of Nedbank Ltd),Sponsor,SHOPRITE HOLDINGS LIMITED
Computershare Investor Services (Pty) Ltd,Transfer Secretary,SHOPRITE HOLDINGS LIMITED
KPMG INCORPORATED,Audit Firm,SIBANYE GOLD LIMITED
JP Morgan Equities Ltd,Sponsor,SIBANYE GOLD LIMITED
Computershare Investor Services (Pty) Ltd,Transfer Secretary,SIBANYE GOLD LIMITED
KPMG INCORPORATED,Audit Firm,SILVERBRIDGE HOLDINGS LIMITED
MERCHANTEC CAPITAL,Designated Advisor,SILVERBRIDGE HOLDINGS LIMITED
Computershare Investor Services (Pty) Ltd,Transfer Secretary,SILVERBRIDGE HOLDINGS LIMITED
Transfer Secretaries,Transfer Secretary,SIMMER AND JACK MINES LIMITED
RAND MERCHANT BANK,Debt Sponsor,SOAPSTONE INVESTMENT LTD
Computershare Investor Services (Pty) Ltd,Transfer Secretary,SOAPSTONE INVESTMENT LTD
Transfer Secretaries,Transfer Secretary,SOUTH AFRICAN NUCLEAR CORP LTD
Transfer Secretaries,Transfer Secretary,RESILIENT PROPERTY INCOME FUND LTD
DELOITTE & TOUCHE,Audit Firm,SOVEREIGN FOOD INVESTMENTS LIMITED
ONE CAPITAL (Pty) Ltd,Sponsor,SOVEREIGN FOOD INVESTMENTS LIMITED
Computershare Investor Services (Pty) Ltd,Transfer Secretary,SOVEREIGN FOOD INVESTMENTS LIMITED
PRICEWATERHOUSECOOPERS INC,Audit Firm,SOUTH OCEAN HOLDINGS LIMITED
Investec Bank Ltd ( Trading as Investec Securities and Investec Corporate Finance ),Sponsor,SOUTH OCEAN HOLDINGS LIMITED
Computershare Investor Services (Pty) Ltd,Transfer Secretary,SOUTH OCEAN HOLDINGS LIMITED
Moore Stephen BKV Incorporated,Audit Firm,SOUTHERN VIEW FINANCE LTD
Bravura Capital (Pty) Ltd,Sponsor,SOUTHERN VIEW FINANCE LTD
Computershare Investor Services (Pty) Ltd,Transfer Secretary,SOUTHERN VIEW FINANCE LTD
PRICEWATERHOUSECOOPERS INC,Audit Firm,RMB HOLDINGS LIMITED
Rand Merchant Bank Corporate Finance Division,Sponsor,RMB HOLDINGS LIMITED
Computershare Investor Services (Pty) Ltd,Transfer Secretary,RMB HOLDINGS LIMITED
DELOITTE & TOUCHE,Audit Firm,SA CORPORATE REAL ESTATE FUND
Nedbank Capital ( a division of Nedbank Ltd),Sponsor,SA CORPORATE REAL ESTATE FUND
Computershare Investor Services (Pty) Ltd,Transfer Secretary,SA CORPORATE REAL ESTATE FUND
Transfer Secretaries,Transfer Secretary,REDEFINE PROPERTIES LIMITED
Mazars Inc.,Audit Firm,SAFARI INVESTMENTS (RSA) LTD
PSG Capital Ltd,Sponsor,SAFARI INVESTMENTS (RSA) LTD
KPMG INCORPORATED,Audit Firm,SPUR CORPORATION LIMITED
Sasfin Bank Ltd,Sponsor,SPUR CORPORATION LIMITED
Computershare Investor Services (Pty) Ltd,Transfer Secretary,SPUR CORPORATION LIMITED
KPMG INCORPORATED,Audit Firm,STANDARD BANK GROUP LIMITED
THE STANDARD BANK OF SA LTD,Sponsor,STANDARD BANK GROUP LIMITED
Deutsche Securities SA (Pty) Ltd,Sponsor,STANDARD BANK GROUP LIMITED
Computershare Investor Services (Pty) Ltd,Transfer Secretary,STANDARD BANK GROUP LIMITED
Link Market Services SA (Pty) Ltd,Transfer Secretary,SQUARE ONE SOLUTIONS GROUP LIMITED
Computershare Investor Services (Pty) Ltd,Transfer Secretary,SANYATI HOLDINGS LIMITED
Transfer Secretaries,Transfer Secretary,SAPPI SOUTHERN AFRICA (PTY) LTD
PKF SOUTH AFRICA,Audit Firm,SASFIN HOLDINGS LIMITED
KPMG INCORPORATED,Audit Firm,SASFIN HOLDINGS LIMITED
Computershare Investor Services (Pty) Ltd,Transfer Secretary,SASFIN HOLDINGS LIMITED
RAND MERCHANT BANK,Debt Sponsor,SHOPRITE INVESTMENTS LIMITED
Computershare Investor Services (Pty) Ltd,Transfer Secretary,SHOPRITE INVESTMENTS LIMITED
Strate,Transfer Secretary,STANDARD BANK OF SOUTH AFRICA LD
Computershare Investor Services (Pty) Ltd,Transfer Secretary,STANDARD BANK OF SOUTH AFRICA LD
THE STANDARD BANK OF SA LTD,Sponsor,STANLIB COLLECTIVE INVESTMENTS LTD
Strate,Transfer Secretary,STANLIB COLLECTIVE INVESTMENTS LTD
THE STANDARD BANK OF SA LTD,Sponsor,STD BANK OF SA RETAIL DEPOSIT NOTES
Computershare Investor Services (Pty) Ltd,Transfer Secretary,STD BANK OF SA RETAIL DEPOSIT NOTES
Mazars Inc.,Audit Firm,STEFANUTTI STOCKS HOLDINGS LTD
Bridge Capital Advisors  (Pty) Ltd,Sponsor,STEFANUTTI STOCKS HOLDINGS LTD
Computershare Investor Services (Pty) Ltd,Transfer Secretary,STEFANUTTI STOCKS HOLDINGS LTD
DELOITTE & TOUCHE,Audit Firm,RESILIENT PROPERTY INCOME FUND LTD
Java Capital Trustees & Sponsors Pty Ltd,Sponsor,RESILIENT PROPERTY INCOME FUND LTD
Link Market Services SA (Pty) Ltd,Transfer Secretary,RESILIENT PROPERTY INCOME FUND LTD
DELOITTE & TOUCHE,Audit Firm,STEINHOFF INTERNATIONAL HOLDINGS LTD
PSG Capital Ltd,Sponsor,STEINHOFF INTERNATIONAL HOLDINGS LTD
Computershare Investor Services (Pty) Ltd,Transfer Secretary,STEINHOFF INTERNATIONAL HOLDINGS LTD
DELOITTE & TOUCHE,Audit Firm,STEINHOFF INVESTMENT HOLDINGS LD
PSG Capital Ltd,Sponsor,STEINHOFF INVESTMENT HOLDINGS LD
Computershare Investor Services (Pty) Ltd,Transfer Secretary,STEINHOFF INVESTMENT HOLDINGS LD
Transfer Secretaries,Transfer Secretary,STEINHOFF SERVICES LIMITED
Bridge Capital Advisors  (Pty) Ltd,Sponsor,RMB CIS MANCO (PTY) LIMITED
Computershare Investor Services (Pty) Ltd,Transfer Secretary,RMB CIS MANCO (PTY) LIMITED
Rand Merchant Bank Corporate Finance Division,Sponsor,RMB EXCHANGE TRADED NOTES
Link Market Services SA (Pty) Ltd,Transfer Secretary,RMB EXCHANGE TRADED NOTES
NEXIA SAB & T,Audit Firm,STRATCORP LIMITED
Exchange Sponsors (2008)(Pty) Ltd,Designated Advisor,STRATCORP LIMITED
Computershare Investor Services (Pty) Ltd,Transfer Secretary,STRATCORP LIMITED
Deloitte & Touche Sponsor Services (Pty) Ltd,Designated Advisor,STELLA VISTA TECHNOLOGIES LIMITED
Link Market Services SA (Pty) Ltd,Transfer Secretary,STELLA VISTA TECHNOLOGIES LIMITED
KPMG INCORPORATED,Audit Firm,SUPER GROUP LIMITED
Deutsche Securities SA (Pty) Ltd,Sponsor,SUPER GROUP LIMITED
Computershare Investor Services (Pty) Ltd,Transfer Secretary,SUPER GROUP LIMITED
KPMG INCORPORATED,Audit Firm,SYCOM PROPERTY FUND
ABSA CAPITAL,Sponsor,SYCOM PROPERTY FUND
Computershare Investor Services (Pty) Ltd,Transfer Secretary,SYCOM PROPERTY FUND
BDO SOUTH AFRICA INCORPORATED,Audit Firm,TASTE HOLDINGS LIMITED
MERCHANTEC CAPITAL,Sponsor,TASTE HOLDINGS LIMITED
Computershare Investor Services (Pty) Ltd,Transfer Secretary,TASTE HOLDINGS LIMITED
PricewaterhouseCoopers Corporate Finance (Pty) Ltd,Sponsor,TAWANA RESOURCES NL
Computershare Investor Services (Pty) Ltd,Transfer Secretary,TAWANA RESOURCES NL
Transfer Secretaries,Transfer Secretary,SWAZILAND POSTS & TELECOM CORP
ERNST & YOUNG INC,Audit Firm,TELKOM SA SOC LIMITED
THE STANDARD BANK OF SA LTD,Sponsor,TELKOM SA SOC LIMITED
Computershare Investor Services (Pty) Ltd,Transfer Secretary,TELKOM SA SOC LIMITED
Transfer Secretaries,Transfer Secretary,RSA ZERO COUPON
DELOITTE & TOUCHE,Audit Firm,THE BIDVEST GROUP LIMITED
Investec Bank Ltd ( Trading as Investec Securities and Investec Corporate Finance ),Sponsor,THE BIDVEST GROUP LIMITED
Computershare Investor Services (Pty) Ltd,Transfer Secretary,THE BIDVEST GROUP LIMITED
PRICEWATERHOUSECOOPERS INC,Audit Firm,SENTULA MINING LIMITED
MERCHANTEC CAPITAL,Sponsor,SENTULA MINING LIMITED
Computershare Investor Services (Pty) Ltd,Transfer Secretary,SENTULA MINING LIMITED
NEXIA SAB & T,Audit Firm,TELEMASTERS HOLDINGS LIMITED
ARCAY MOELA SPONSOR (PTY) LTD,Designated Advisor,TELEMASTERS HOLDINGS LIMITED
Link Market Services SA (Pty) Ltd,Transfer Secretary,TELEMASTERS HOLDINGS LIMITED
Link Market Services SA (Pty) Ltd,Transfer Secretary,THE BIDVEST GROUP LIMITED
Transfer Secretaries,Transfer Secretary,SA HOUSING TRUST
Transfer Secretaries,Transfer Secretary,SA SECURITISATION PROGR (RF) LTD
Transfer Secretaries,Transfer Secretary,THE GOVI EXCHANGE TRADED FUND-GOVEX
Computershare Investor Services (Pty) Ltd,Transfer Secretary,THE THEKWINI FUND 10
Transfer Secretaries,Transfer Secretary,SABMILLER PLC
Transfer Secretaries,Transfer Secretary,SANLAM CAPITAL MARKETS LIMITED
Transfer Secretaries,Transfer Secretary,THE THEKWINI FUND 4 LIMITED
Computershare Investor Services (Pty) Ltd,Transfer Secretary,THE STANDARD BANK OF SA LTD
Transfer Secretaries,Transfer Secretary,THE THEKWINI FUND 3 LIMITED
Mazars Inc.,Audit Firm,SPANJAARD LIMITED
ARCAY MOELA SPONSOR (PTY) LTD,Sponsor,SPANJAARD LIMITED
Computershare Investor Services (Pty) Ltd,Transfer Secretary,SPANJAARD LIMITED
ERNST & YOUNG INC,Audit Firm,TIGER BRANDS LIMITED
JP Morgan Equities Ltd,Sponsor,TIGER BRANDS LIMITED
Mercantile Registrars Ltd,Transfer Secretary,TIGER BRANDS LIMITED
Computershare Investor Services (Pty) Ltd,Transfer Secretary,TIGER BRANDS LIMITED
PRICEWATERHOUSECOOPERS INC,Audit Firm,SUN INTERNATIONAL LIMITED
Investec Bank Ltd ( Trading as Investec Securities and Investec Corporate Finance ),Sponsor,SUN INTERNATIONAL LIMITED
Computershare Investor Services (Pty) Ltd,Transfer Secretary,SUN INTERNATIONAL LIMITED
DELOITTE & TOUCHE,Audit Firm,THE SPAR GROUP LIMITED
ONE CAPITAL (Pty) Ltd,Sponsor,THE SPAR GROUP LIMITED
Link Market Services SA (Pty) Ltd,Transfer Secretary,THE SPAR GROUP LIMITED
DELOITTE & TOUCHE,Audit Firm,TIMES MEDIA GROUP LIMITED
PSG Capital Ltd,Sponsor,TIMES MEDIA GROUP LIMITED
Transfer Secretaries,Transfer Secretary,Steinhoff Manufacturing (Pty) Ltd
DELOITTE & TOUCHE,Audit Firm,TONGAAT HULETT LIMITED
Investec Bank Ltd ( Trading as Investec Securities and Investec Corporate Finance ),Sponsor,TONGAAT HULETT LIMITED
Computershare Investor Services (Pty) Ltd,Transfer Secretary,TONGAAT HULETT LIMITED
Mazars Inc.,Audit Firm,SOUTH AFRICAN COAL MINING HLDGS LTD
Exchange Sponsors (2008)(Pty) Ltd,Sponsor,SOUTH AFRICAN COAL MINING HLDGS LTD
Computershare Investor Services (Pty) Ltd,Transfer Secretary,SOUTH AFRICAN COAL MINING HLDGS LTD
Transfer Secretaries,Transfer Secretary,SABSA HOLDINGS LIMITED
Transfer Secretaries,Transfer Secretary,THE THEKWINI FUND 7 LIMITED
RSM BETTY & DICKSON,Audit Firm,TORRE INDUSTRIES LIMITED
PSG Capital Ltd,Designated Advisor,TORRE INDUSTRIES LIMITED
Link Market Services SA (Pty) Ltd,Transfer Secretary,TORRE INDUSTRIES LIMITED
Transfer Secretaries,Transfer Secretary,THE THEKWINI WAREHOUSING CONDUIT (RF) LTD
ERNST & YOUNG INC,Audit Firm,TRACKHEDGE (PTY) LIMITED
PRICEWATERHOUSECOOPERS INC,Audit Firm,TRADEHOLD LIMITED
Bravura Capital (Pty) Ltd,Sponsor,TRADEHOLD LIMITED
Computershare Investor Services (Pty) Ltd,Transfer Secretary,TRADEHOLD LIMITED
Transfer Secretaries,Transfer Secretary,Transkei Administration Board
Transfer Secretaries,Transfer Secretary,Transnet SOC Limited
ERNST & YOUNG INC,Audit Firm,TRANSPACO LIMITED
Investec Bank Ltd ( Trading as Investec Securities and Investec Corporate Finance ),Sponsor,TRANSPACO LIMITED
Computershare Investor Services (Pty) Ltd,Transfer Secretary,TRANSPACO LIMITED
Transfer Secretaries,Transfer Secretary,TOYOTA FIN SERVICES (SA) LTD
ERNST & YOUNG INC,Audit Firm,TRUWORTHS INTERNATIONAL LIMITED
ONE CAPITAL (Pty) Ltd,Sponsor,TRUWORTHS INTERNATIONAL LIMITED
Computershare Investor Services (Pty) Ltd,Transfer Secretary,TRUWORTHS INTERNATIONAL LIMITED
Computershare Investor Services (Pty) Ltd,Transfer Secretary,UBS AG
Java Capital Trustees & Sponsors Pty Ltd,Sponsor,STERLING WATERFORD CCN SPV 4
Computershare Investor Services (Pty) Ltd,Transfer Secretary,STERLING WATERFORD CCN SPV 4
Transfer Secretaries,Transfer Secretary,SUPER GROUP LIMITED
Moore Stephen BKV Incorporated,Audit Firm,SYNERGY INCOME FUND LIMITED
Java Capital Trustees & Sponsors Pty Ltd,Designated Advisor,SYNERGY INCOME FUND LIMITED
Computershare Investor Services (Pty) Ltd,Transfer Secretary,SYNERGY INCOME FUND LIMITED
NOLANDS INC,Audit Firm,UBUBELE HOLDINGS LIMITED
PSG Capital Ltd,Designated Advisor,UBUBELE HOLDINGS LIMITED
Computershare Investor Services (Pty) Ltd,Transfer Secretary,UBUBELE HOLDINGS LIMITED
Transfer Secretaries,Transfer Secretary,SYNTHESIS FUNDING LIMITED
Transfer Secretaries,Transfer Secretary,TELKOM SA LIMITED
KPMG CYPRUS,Audit Firm,THARISA PLC
KPMG INCORPORATED,Audit Firm,THE DB X-TRACKER COL INVEST SCHEME
Vunani Corporate Finance (Pty) Ltd,Sponsor,THE DB X-TRACKER COL INVEST SCHEME
Computershare Investor Services (Pty) Ltd,Transfer Secretary,THE DB X-TRACKER COL INVEST SCHEME
Computershare Investor Services (Pty) Ltd,Transfer Secretary,Umgeni Water
PKF SOUTH AFRICA,Audit Firm,THE DON GROUP LIMITED
MERCHANTEC CAPITAL,Sponsor,THE DON GROUP LIMITED
Link Market Services SA (Pty) Ltd,Transfer Secretary,THE DON GROUP LIMITED
KPMG INCORPORATED,Audit Firm,THE FOSCHINI GROUP LIMITED
UBS Corporate Finance (South Africa) (Pty) Ltd,Sponsor,THE FOSCHINI GROUP LIMITED
Computershare Investor Services (Pty) Ltd,Transfer Secretary,THE FOSCHINI GROUP LIMITED
Computershare Investor Services (Pty) Ltd,Transfer Secretary,Unilever South Africa (Pty) Ltd
Computershare Investor Services (Pty) Ltd,Transfer Secretary,THE SA NATIONAL ROADS AGENCY SOC LTD
Transfer Secretaries,Transfer Secretary,Unilever South Africa Home and Personal Care (Pty) Ltd
ARCAY MOELA SPONSOR (PTY) LTD,Sponsor,VISUAL INTERNATIONAL HOLDINGS LIMITED
Link Market Services SA (Pty) Ltd,Transfer Secretary,VISUAL INTERNATIONAL HOLDINGS LIMITED
PRICEWATERHOUSECOOPERS INC,Audit Firm,VILLAGE MAIN REEF LIMITED
Bravura Capital (Pty) Ltd,Sponsor,VILLAGE MAIN REEF LIMITED
Link Market Services SA (Pty) Ltd,Transfer Secretary,VILLAGE MAIN REEF LIMITED
STANDARD BANK OF SOUTH AFRICA LTD,Debt Sponsor,THE THEKWINI FUND 11 (RF) LTD
Transfer Secretaries,Transfer Secretary,THE THEKWINI FUND 11 (RF) LTD
Transfer Secretaries,Transfer Secretary,THE THEKWINI FUND 2 LIMITED
Transfer Secretaries,Transfer Secretary,THE THEKWINI FUND 5 LIMITED
DELOITTE & TOUCHE,Audit Firm,VODACOM GROUP LIMITED
UBS Corporate Finance (South Africa) (Pty) Ltd,Sponsor,VODACOM GROUP LIMITED
Computershare Investor Services (Pty) Ltd,Transfer Secretary,VODACOM GROUP LIMITED
PSG Capital Ltd,Sponsor,VIVIDEND INCOME FUND LIMITED
Link Market Services SA (Pty) Ltd,Transfer Secretary,VIVIDEND INCOME FUND LIMITED
Transfer Secretaries,Transfer Secretary,THE THEKWINI FUND 8 LIMITED
KPMG INCORPORATED,Audit Firm,VUNANI LIMITED
GRINDROD BANK LIMITED,Designated Advisor,VUNANI LIMITED
Computershare Investor Services (Pty) Ltd,Transfer Secretary,VUNANI LIMITED
Transfer Secretaries,Transfer Secretary,VODACOM GROUP LIMITED
GRANT THORNTON,Audit Firm,W G WEARNE LIMITED
Exchange Sponsors (2008)(Pty) Ltd,Designated Advisor,W G WEARNE LIMITED
Computershare Investor Services (Pty) Ltd,Transfer Secretary,W G WEARNE LIMITED
KPMG INCORPORATED,Audit Firm,WESIZWE PLATINUM LIMITED
PSG Capital Ltd,Sponsor,WESIZWE PLATINUM LIMITED
Computershare Investor Services (Pty) Ltd,Transfer Secretary,WESIZWE PLATINUM LIMITED
DELOITTE & TOUCHE,Audit Firm,WILDERNESS HOLDINGS LIMITED
Rand Merchant Bank Corporate Finance Division,Sponsor,WILDERNESS HOLDINGS LIMITED
Computershare Investor Services (Pty) Ltd,Transfer Secretary,WILDERNESS HOLDINGS LIMITED
BDO SOUTH AFRICA INCORPORATED,Audit Firm,WILLIAM TELL HOLDINGS LIMITED
MERCHANTEC CAPITAL,Designated Advisor,WILLIAM TELL HOLDINGS LIMITED
Computershare Investor Services (Pty) Ltd,Transfer Secretary,WILLIAM TELL HOLDINGS LIMITED
HLB MANN JUDD,Audit Firm,THE WATERBERG COAL COMPANY LTD
Deloitte & Touche Sponsor Services (Pty) Ltd,Designated Advisor,THE WATERBERG COAL COMPANY LTD
Computershare Investor Services (Pty) Ltd,Transfer Secretary,THE WATERBERG COAL COMPANY LTD
BDO SOUTH AFRICA INCORPORATED,Audit Firm,WILSON BAYLY HOLMES-OVCON LIMITED
Investec Bank Ltd ( Trading as Investec Securities and Investec Corporate Finance ),Sponsor,WILSON BAYLY HOLMES-OVCON LIMITED
Computershare Investor Services (Pty) Ltd,Transfer Secretary,WILSON BAYLY HOLMES-OVCON LIMITED
NEXIA SAB & T,Audit Firm,WOOLWORTHS HOLDINGS LIMITED
ERNST & YOUNG INC,Audit Firm,WOOLWORTHS HOLDINGS LIMITED
Rand Merchant Bank Corporate Finance Division,Sponsor,WOOLWORTHS HOLDINGS LIMITED
Mercantile Registrars Ltd,Transfer Secretary,WOOLWORTHS HOLDINGS LIMITED
Computershare Investor Services (Pty) Ltd,Transfer Secretary,WOOLWORTHS HOLDINGS LIMITED
HOWARTH LEVETON BONER,Audit Firm,WORKFORCE HOLDINGS LIMITED
MERCHANTEC CAPITAL,Designated Advisor,WORKFORCE HOLDINGS LIMITED
Link Market Services SA (Pty) Ltd,Transfer Secretary,WORKFORCE HOLDINGS LIMITED
KPMG INCORPORATED,Audit Firm,YORK TIMBER HOLDINGS LIMITED
ONE CAPITAL (Pty) Ltd,Sponsor,YORK TIMBER HOLDINGS LIMITED
Computershare Investor Services (Pty) Ltd,Transfer Secretary,YORK TIMBER HOLDINGS LIMITED
PRICEWATERHOUSECOOPERS INC,Audit Firm,ZURICH INSURANCE COMPANY S A LTD
RSM BETTY & DICKSON,Audit Firm,ZURICH INSURANCE COMPANY S A LTD
Rand Merchant Bank Corporate Finance Division,Sponsor,ZURICH INSURANCE COMPANY S A LTD
Mercantile Registrars Ltd,Transfer Secretary,ZURICH INSURANCE COMPANY S A LTD
Transfer Secretaries,Transfer Secretary,THE THEKWINI FUND 6 LIMITED
PRICEWATERHOUSECOOPERS INC,Audit Firm,ZEDER INVESTMENTS LIMITED
PSG Capital Ltd,Sponsor,ZEDER INVESTMENTS LIMITED
Computershare Investor Services (Pty) Ltd,Transfer Secretary,ZEDER INVESTMENTS LIMITED
Mazars Inc.,Audit Firm,TOWER PROPERTY FUND LIMITED
Java Capital Trustees & Sponsors Pty Ltd,Sponsor,TOWER PROPERTY FUND LIMITED
Link Market Services SA (Pty) Ltd,Transfer Secretary,TOWER PROPERTY FUND LIMITED
BDO SOUTH AFRICA INCORPORATED,Audit Firm,TOTAL CLIENT SERVICES LIMITED
PRICEWATERHOUSECOOPERS INC,Audit Firm,TRANS HEX GROUP LIMITED
ONE CAPITAL (Pty) Ltd,Sponsor,TRANS HEX GROUP LIMITED
Computershare Investor Services (Pty) Ltd,Transfer Secretary,TRANS HEX GROUP LIMITED
Transfer Secretaries,Transfer Secretary,Trans - Caledon Tunnel Authority
DELOITTE & TOUCHE,Audit Firm,TRANSACTION CAPITAL LIMITED
STANDARD BANK OF SOUTH AFRICA LTD,Debt Sponsor,TRANSSEC (RF) LIMITED
Mazars Inc.,Audit Firm,TREMATON CAPITAL INVESTMENTS LTD
Sasfin Bank Ltd,Sponsor,TREMATON CAPITAL INVESTMENTS LTD
Computershare Investor Services (Pty) Ltd,Transfer Secretary,TREMATON CAPITAL INVESTMENTS LTD
KPMG INCORPORATED,Audit Firm,TRENCOR LIMITED
Rand Merchant Bank Corporate Finance Division,Sponsor,TRENCOR LIMITED
Computershare Investor Services (Pty) Ltd,Transfer Secretary,TRENCOR LIMITED
BDO SOUTH AFRICA INCORPORATED,Audit Firm,TRUSTCO GROUP HOLDINGS LIMITED
Sasfin Bank Ltd,Sponsor,TRUSTCO GROUP HOLDINGS LIMITED
Computershare Investor Services (Pty) Ltd,Transfer Secretary,TRUSTCO GROUP HOLDINGS LIMITED
PRICEWATERHOUSECOOPERS INC,Audit Firm,TSOGO SUN HOLDINGS LIMITED
Deutsche Securities SA (Pty) Ltd,Sponsor,TSOGO SUN HOLDINGS LIMITED
Link Market Services SA (Pty) Ltd,Transfer Secretary,TSOGO SUN HOLDINGS LIMITED
Transfer Secretaries,Transfer Secretary,UNITRANS SERVICES (PTY) LIMITED
BAKER TILLY SVG,Audit Firm,VALUE GROUP LIMITED
Investec Bank Ltd ( Trading as Investec Securities and Investec Corporate Finance ),Sponsor,VALUE GROUP LIMITED
Computershare Investor Services (Pty) Ltd,Transfer Secretary,VALUE GROUP LIMITED
Computershare Investor Services (Pty) Ltd,Transfer Secretary,Vukile Investments Property Securisation (Pty) Ltd
KPMG INCORPORATED,Audit Firm,VERIMARK HOLDINGS LIMITED
GRINDROD BANK LIMITED,Sponsor,VERIMARK HOLDINGS LIMITED
Computershare Investor Services (Pty) Ltd,Transfer Secretary,VERIMARK HOLDINGS LIMITED
GRANT THORNTON,Audit Firm,VUKILE PROPERTY FUND LIMITED
Java Capital Trustees & Sponsors Pty Ltd,Sponsor,VUKILE PROPERTY FUND LIMITED
Link Market Services SA (Pty) Ltd,Transfer Secretary,VUKILE PROPERTY FUND LIMITED
Link Market Services SA (Pty) Ltd,Transfer Secretary,VUKILE PROPERTY FUND LIMITED
KPMG INCORPORATED,Audit Firm,VUNANI PROPERTY INVESTMENT FUND LTD
Investec Bank Ltd ( Trading as Investec Securities and Investec Corporate Finance ),Sponsor,VUNANI PROPERTY INVESTMENT FUND LTD
Vunani Corporate Finance (Pty) Ltd,Sponsor,VUNANI PROPERTY INVESTMENT FUND LTD
Computershare Investor Services (Pty) Ltd,Transfer Secretary,VUNANI PROPERTY INVESTMENT FUND LTD
BDO SOUTH AFRICA INCORPORATED,Audit Firm,WINHOLD LIMITED
ARCAY MOELA SPONSOR (PTY) LTD,Sponsor,WINHOLD LIMITED
Computershare Investor Services (Pty) Ltd,Transfer Secretary,WINHOLD LIMITED
PRICEWATERHOUSECOOPERS INC,Audit Firm,WESCOAL HOLDINGS LIMITED
Computershare Investor Services (Pty) Ltd,Transfer Secretary,WESCOAL HOLDINGS LIMITED
Bridge Capital Advisors  (Pty) Ltd,Sponsor,ZCI LIMITED
Computershare Investor Services (Pty) Ltd,Transfer Secretary,ZCI LIMITED
