name,pa_url,source_url,org_category,org_classification,popit_id
Ad Hoc Commitee on Commission for Gender Equality (CGE) Forensic Investigation,http://www.pa.org.za/organisation/ad-hoc-commitee-on-commission-for-gender-equality-cge-forensic-investigation/,http://za-new-import.popit.mysociety.org/api/v0.1/organizations/za.org.pa.www/core_organisation/138,political,Ad Hoc Committees,za.org.pa.www/core_organisation/138
Ad Hoc Committee in Filling of Vacancies in the Electoral Commission,http://www.pa.org.za/organisation/ad-hoc-committee-in-filling-of-vacancies-in-the-electoral-commission/,http://za-new-import.popit.mysociety.org/api/v0.1/organizations/za.org.pa.www/core_organisation/139,,Ad Hoc Committees,za.org.pa.www/core_organisation/139
AdHoc Committee on 1913 Land Act,http://www.pa.org.za/organisation/adhoc-committee-on-1913-land-act/,http://za-new-import.popit.mysociety.org/api/v0.1/organizations/za.org.pa.www/core_organisation/153,political,Ad Hoc Committees,za.org.pa.www/core_organisation/153
Ad Hoc Committee on Code of Judicial Conduct and Regulations,http://www.pa.org.za/organisation/ad-hoc-committee-on-code-of-judicial-conduct-and-regulations/,http://za-new-import.popit.mysociety.org/api/v0.1/organizations/za.org.pa.www/core_organisation/140,political,Ad Hoc Committees,za.org.pa.www/core_organisation/140
Ad Hoc Committee on Code of Judicial Conduct on Disclosure of Interests (NA),http://www.pa.org.za/organisation/ad-hoc-committee-on-code-of-judicial-conduct-on-disclosure-of-interests-na/,http://za-new-import.popit.mysociety.org/api/v0.1/organizations/za.org.pa.www/core_organisation/141,,Ad Hoc Committees,za.org.pa.www/core_organisation/141
Ad Hoc Committee on Code of Judicial Conduct on Disclosure of Interests (NCOP),http://www.pa.org.za/organisation/ad-hoc-committee-on-code-of-judicial-conduct-on-disclosure-of-interests-ncop/,http://za-new-import.popit.mysociety.org/api/v0.1/organizations/za.org.pa.www/core_organisation/142,,Ad Hoc Committees,za.org.pa.www/core_organisation/142
Ad Hoc Committee on Coordinated Oversight on Service Delivery,http://www.pa.org.za/organisation/ad-hoc-committee-on-coordinated-oversight-on-service-delivery/,http://za-new-import.popit.mysociety.org/api/v0.1/organizations/za.org.pa.www/core_organisation/143,political,Ad Hoc Committees,za.org.pa.www/core_organisation/143
Ad Hoc Committee on Criminal Law (Forensic Procedures) Amendment Bill,http://www.pa.org.za/organisation/ad-hoc-committee-on-criminal-law-forensic-procedures-amendment-bill/,http://za-new-import.popit.mysociety.org/api/v0.1/organizations/za.org.pa.www/core_organisation/144,,Ad Hoc Committees,za.org.pa.www/core_organisation/144
Ad Hoc Committee on General Intelligence Laws Amendment Bill (NA),http://www.pa.org.za/organisation/ad-hoc-committee-on-general-intelligence-laws-amendment-bill-na/,http://za-new-import.popit.mysociety.org/api/v0.1/organizations/za.org.pa.www/core_organisation/145,political,Ad Hoc Committees,za.org.pa.www/core_organisation/145
Ad Hoc Committee on General Intelligence Laws Amendment Bill (NCOP),http://www.pa.org.za/organisation/ad-hoc-committee-on-general-intelligence-laws-amendment-bill-ncop/,http://za-new-import.popit.mysociety.org/api/v0.1/organizations/za.org.pa.www/core_organisation/146,political,Ad Hoc Committees,za.org.pa.www/core_organisation/146
Ad Hoc Committee on Green Paper on National Strategic Planning,http://www.pa.org.za/organisation/ad-hoc-committee-on-green-paper-on-national-strategic-planning/,http://za-new-import.popit.mysociety.org/api/v0.1/organizations/za.org.pa.www/core_organisation/147,,Ad Hoc Committees,za.org.pa.www/core_organisation/147
Ad Hoc Committee on Nominations of Persons for Appointment as Electoral Commissioner,http://www.pa.org.za/organisation/ad-hoc-committee-on-nominations-of-persons-for-appointment-as-electoral-commissioner/,http://za-new-import.popit.mysociety.org/api/v0.1/organizations/za.org.pa.www/core_organisation/148,,Ad Hoc Committees,za.org.pa.www/core_organisation/148
Ad Hoc Committee on Protection of State Information Bill (NA),http://www.pa.org.za/organisation/ad-hoc-committee-on-protection-of-state-information-bill-na/,http://za-new-import.popit.mysociety.org/api/v0.1/organizations/za.org.pa.www/core_organisation/149,,Ad Hoc Committees,za.org.pa.www/core_organisation/149
Ad Hoc Committee on Protection of State Information Bill (NCOP),http://www.pa.org.za/organisation/ad-hoc-committee-on-protection-of-state-information-bill-ncop/,http://za-new-import.popit.mysociety.org/api/v0.1/organizations/za.org.pa.www/core_organisation/150,political,Ad Hoc Committees,za.org.pa.www/core_organisation/150
Ad Hoc Committee on the Filling of Vacancies in the Commission for Gender Equality,http://www.pa.org.za/organisation/ad-hoc-committee-on-the-filling-of-vacancies-in-the-commission-for-gender-equality/,http://za-new-import.popit.mysociety.org/api/v0.1/organizations/za.org.pa.www/core_organisation/151,,Ad Hoc Committees,za.org.pa.www/core_organisation/151
Ad Hoc Committee on President’s Submission in response to Public Protector’s Report,http://www.pa.org.za/organisation/ad-hoc-committee-presidents-submission-response-public-protectors-report/,http://za-new-import.popit.mysociety.org/api/v0.1/organizations/za.org.pa.www/core_organisation/778,other,Ad Hoc Committees,za.org.pa.www/core_organisation/778
Ad Hoc Joint Committee to Consider Matters ito Section 12 of National Prosecuting Authority Act (Pikoli),http://www.pa.org.za/organisation/ad-hoc-joint-committee-to-consider-matters-ito-section-12-of-national-prosecuting-authority-act-pikoli/,http://za-new-import.popit.mysociety.org/api/v0.1/organizations/za.org.pa.www/core_organisation/152,,Ad Hoc Committees,za.org.pa.www/core_organisation/152
Aesthetics Committee,http://www.pa.org.za/organisation/aesthetics-committee/,http://za-new-import.popit.mysociety.org/api/v0.1/organizations/za.org.pa.www/core_organisation/678,political,Western-Cape-Provincial-Committee,za.org.pa.www/core_organisation/678
African Peer Review Mechanism (APRM),http://www.pa.org.za/organisation/african-peer-review-mechanism-aprm/,http://za-new-import.popit.mysociety.org/api/v0.1/organizations/za.org.pa.www/core_organisation/154,,Ad Hoc Committees,za.org.pa.www/core_organisation/154
Agriculture and Rural Development Committee,http://www.pa.org.za/organisation/agriculture-and-rural-development-committee/,http://za-new-import.popit.mysociety.org/api/v0.1/organizations/za.org.pa.www/core_organisation/733,political,Kwazulu-Natal-Provincial-Legislature-Committee,za.org.pa.www/core_organisation/733
"Agriculture, Forestry and Fisheries",http://www.pa.org.za/organisation/agriculture-forestry-and-fisheries/,http://za-new-import.popit.mysociety.org/api/v0.1/organizations/za.org.pa.www/core_organisation/155,political,National Assembly Committees,za.org.pa.www/core_organisation/155
and Public Works,http://www.pa.org.za/organisation/and-public-works/,http://za-new-import.popit.mysociety.org/api/v0.1/organizations/za.org.pa.www/core_organisation/710,political,Western-Cape-Provincial-Committee,za.org.pa.www/core_organisation/710
Annual Report of Auditor General,http://www.pa.org.za/organisation/annual-report-of-auditor-general/,http://za-new-import.popit.mysociety.org/api/v0.1/organizations/za.org.pa.www/core_organisation/156,,Ad Hoc Committees,za.org.pa.www/core_organisation/156
Appointment of Deputy Public Protector,http://www.pa.org.za/organisation/appointment-of-deputy-public-protector/,http://za-new-import.popit.mysociety.org/api/v0.1/organizations/za.org.pa.www/core_organisation/157,,Ad Hoc Committees,za.org.pa.www/core_organisation/157
Appointment of Public Protector,http://www.pa.org.za/organisation/appointment-of-public-protector/,http://za-new-import.popit.mysociety.org/api/v0.1/organizations/za.org.pa.www/core_organisation/158,political,Ad Hoc Committees,za.org.pa.www/core_organisation/158
Appointment of the Auditor General,http://www.pa.org.za/organisation/appointment-of-the-auditor-general/,http://za-new-import.popit.mysociety.org/api/v0.1/organizations/za.org.pa.www/core_organisation/159,,Ad Hoc Committees,za.org.pa.www/core_organisation/159
Appointments to the Public Service Commission,http://www.pa.org.za/organisation/appointments-to-the-public-service-commission/,http://za-new-import.popit.mysociety.org/api/v0.1/organizations/za.org.pa.www/core_organisation/163,,Ad Hoc Committees,za.org.pa.www/core_organisation/163
Appointment to Central Drug Authority Board,http://www.pa.org.za/organisation/appointment-to-central-drug-authority-board/,http://za-new-import.popit.mysociety.org/api/v0.1/organizations/za.org.pa.www/core_organisation/160,,Ad Hoc Committees,za.org.pa.www/core_organisation/160
Appointment to the Commission on Gender Equality,http://www.pa.org.za/organisation/appointment-to-the-commission-on-gender-equality/,http://za-new-import.popit.mysociety.org/api/v0.1/organizations/za.org.pa.www/core_organisation/161,,Ad Hoc Committees,za.org.pa.www/core_organisation/161
Appointment to the South African Commission on Human Rights,http://www.pa.org.za/organisation/appointment-to-the-south-african-commission-on-human-rights/,http://za-new-import.popit.mysociety.org/api/v0.1/organizations/za.org.pa.www/core_organisation/162,,Ad Hoc Committees,za.org.pa.www/core_organisation/162
Arts and Culture,http://www.pa.org.za/organisation/arts-and-culture/,http://za-new-import.popit.mysociety.org/api/v0.1/organizations/za.org.pa.www/core_organisation/164,political,National Assembly Committees,za.org.pa.www/core_organisation/164
Arts and Culture Committee,http://www.pa.org.za/organisation/arts-and-culture-committee/,http://za-new-import.popit.mysociety.org/api/v0.1/organizations/za.org.pa.www/core_organisation/742,political,Kwazulu-Natal-Provincial-Legislature-Committee,za.org.pa.www/core_organisation/742
Basic Education,http://www.pa.org.za/organisation/basic-education/,http://za-new-import.popit.mysociety.org/api/v0.1/organizations/za.org.pa.www/core_organisation/165,political,National Assembly Committees,za.org.pa.www/core_organisation/165
Budget Committee,http://www.pa.org.za/organisation/budget-committee/,http://za-new-import.popit.mysociety.org/api/v0.1/organizations/za.org.pa.www/core_organisation/693,political,Western-Cape-Provincial-Committee,za.org.pa.www/core_organisation/693
Budget Committee on Appropriation,http://www.pa.org.za/organisation/budget-committee-on-appropriation/,http://za-new-import.popit.mysociety.org/api/v0.1/organizations/za.org.pa.www/core_organisation/166,,Joint Committees,za.org.pa.www/core_organisation/166
Chairpersons’ Forum,http://www.pa.org.za/organisation/chairpersons-forum/,http://za-new-import.popit.mysociety.org/api/v0.1/organizations/za.org.pa.www/core_organisation/694,political,Western-Cape-Provincial-Committee,za.org.pa.www/core_organisation/694
Comments by Minister Maduna regarding the Auditor-General,http://www.pa.org.za/organisation/comments-by-minister-maduna-regarding-the-auditor-general/,http://za-new-import.popit.mysociety.org/api/v0.1/organizations/za.org.pa.www/core_organisation/167,,Ad Hoc Committees,za.org.pa.www/core_organisation/167
Committee of Chairpersons,http://www.pa.org.za/organisation/committee-of-chairpersons/,http://za-new-import.popit.mysociety.org/api/v0.1/organizations/za.org.pa.www/core_organisation/168,,Joint Committees,za.org.pa.www/core_organisation/168
Committee On Auditor-General,http://www.pa.org.za/organisation/committee-on-auditor-general/,http://za-new-import.popit.mysociety.org/api/v0.1/organizations/za.org.pa.www/core_organisation/86,political,Committee,za.org.pa.www/core_organisation/86
Committee On Petitions and Members' Legislative Proposals,http://www.pa.org.za/organisation/committee-on-petitions-and-members-legislative-proposals/,http://za-new-import.popit.mysociety.org/api/v0.1/organizations/za.org.pa.www/core_organisation/90,political,Committee,za.org.pa.www/core_organisation/90
Committee On Private Members' Legislative Proposals And Special Petitions,http://www.pa.org.za/organisation/committee-on-private-members-legislative-proposals-and-special-petitions/,http://za-new-import.popit.mysociety.org/api/v0.1/organizations/za.org.pa.www/core_organisation/134,political,Committee,za.org.pa.www/core_organisation/134
Communications,http://www.pa.org.za/organisation/communications/,http://za-new-import.popit.mysociety.org/api/v0.1/organizations/za.org.pa.www/core_organisation/169,political,National Assembly Committees,za.org.pa.www/core_organisation/169
Community Safety and Liason Committee,http://www.pa.org.za/organisation/community-safety-and-liason-committee/,http://za-new-import.popit.mysociety.org/api/v0.1/organizations/za.org.pa.www/core_organisation/734,political,Kwazulu-Natal-Provincial-Legislature-Committee,za.org.pa.www/core_organisation/734
Conduct Committee,http://www.pa.org.za/organisation/conduct-committee/,http://za-new-import.popit.mysociety.org/api/v0.1/organizations/za.org.pa.www/core_organisation/679,political,Western-Cape-Provincial-Committee,za.org.pa.www/core_organisation/679
Conservation and Environment Committee,http://www.pa.org.za/organisation/conservation-and-environment-committee/,http://za-new-import.popit.mysociety.org/api/v0.1/organizations/za.org.pa.www/core_organisation/735,political,Kwazulu-Natal-Provincial-Legislature-Committee,za.org.pa.www/core_organisation/735
Constitutional Review Committee,http://www.pa.org.za/organisation/constitutional-review-committee/,http://za-new-import.popit.mysociety.org/api/v0.1/organizations/za.org.pa.www/core_organisation/170,political,Joint Committees,za.org.pa.www/core_organisation/170
Cooperative Governance and Traditional Affairs,http://www.pa.org.za/organisation/cooperative-governance-and-traditional-affairs/,http://za-new-import.popit.mysociety.org/api/v0.1/organizations/za.org.pa.www/core_organisation/171,political,National Assembly Committees,za.org.pa.www/core_organisation/171
Coop Gov & Trad Affairs,http://www.pa.org.za/organisation/coop-gov-trad-affairs/,http://za-new-import.popit.mysociety.org/api/v0.1/organizations/za.org.pa.www/core_organisation/743,political,Kwazulu-Natal-Provincial-Legislature-Committee,za.org.pa.www/core_organisation/743
Correctional Services,http://www.pa.org.za/organisation/correctional-services/,http://za-new-import.popit.mysociety.org/api/v0.1/organizations/za.org.pa.www/core_organisation/172,political,National Assembly Committees,za.org.pa.www/core_organisation/172
Cultural Affairs and Sport,http://www.pa.org.za/organisation/cultural-affairs-and-sport/,http://za-new-import.popit.mysociety.org/api/v0.1/organizations/za.org.pa.www/core_organisation/684,political,Western-Cape-Provincial-Legislature-Committee,za.org.pa.www/core_organisation/684
Defence,http://www.pa.org.za/organisation/defence/,http://za-new-import.popit.mysociety.org/api/v0.1/organizations/za.org.pa.www/core_organisation/173,political,Joint Committees,za.org.pa.www/core_organisation/173
Defence and Military Veterans,http://www.pa.org.za/organisation/defence-and-military-veterans/,http://za-new-import.popit.mysociety.org/api/v0.1/organizations/za.org.pa.www/core_organisation/174,political,National Assembly Committees,za.org.pa.www/core_organisation/174
Disabled and Youth Committee,http://www.pa.org.za/organisation/disabled-and-youth-committee/,http://za-new-import.popit.mysociety.org/api/v0.1/organizations/za.org.pa.www/core_organisation/685,political,Western-Cape-Provincial-Legislature-Committee,za.org.pa.www/core_organisation/685
Economic Development,http://www.pa.org.za/organisation/economic-development/,http://za-new-import.popit.mysociety.org/api/v0.1/organizations/za.org.pa.www/core_organisation/175,political,National Assembly Committees,za.org.pa.www/core_organisation/175
Economic Development and Tourism,http://www.pa.org.za/organisation/economic-development-and-tourism/,http://za-new-import.popit.mysociety.org/api/v0.1/organizations/za.org.pa.www/core_organisation/700,political,Western-Cape-Provincial-Committee,za.org.pa.www/core_organisation/700
Economic Development and Tourism Committee,http://www.pa.org.za/organisation/economic-development-and-tourism-committee/,http://za-new-import.popit.mysociety.org/api/v0.1/organizations/za.org.pa.www/core_organisation/739,political,Kwazulu-Natal-Provincial-Legislature-Committee,za.org.pa.www/core_organisation/739
Education Committee,http://www.pa.org.za/organisation/education-committee/,http://za-new-import.popit.mysociety.org/api/v0.1/organizations/za.org.pa.www/core_organisation/750,political,Kwazulu-Natal-Provincial-Legislature-Committee,za.org.pa.www/core_organisation/750
Energy Portfolio Committee,http://www.pa.org.za/organisation/energy-portfolio-committee/,http://za-new-import.popit.mysociety.org/api/v0.1/organizations/za.org.pa.www/core_organisation/176,political,National Assembly Committees,za.org.pa.www/core_organisation/176
Ethics and Members' Interest,http://www.pa.org.za/organisation/ethics-and-members-interest/,http://za-new-import.popit.mysociety.org/api/v0.1/organizations/za.org.pa.www/core_organisation/177,political,Joint Committees,za.org.pa.www/core_organisation/177
Finance Committee,http://www.pa.org.za/organisation/finance-committee/,http://za-new-import.popit.mysociety.org/api/v0.1/organizations/za.org.pa.www/core_organisation/740,political,Kwazulu-Natal-Provincial-Legislature-Committee,za.org.pa.www/core_organisation/740
Finance Standing Committee,http://www.pa.org.za/organisation/finance-standing-committee/,http://za-new-import.popit.mysociety.org/api/v0.1/organizations/za.org.pa.www/core_organisation/178,political,National Assembly Committees,za.org.pa.www/core_organisation/178
Gender Committee,http://www.pa.org.za/organisation/gender-committee/,http://za-new-import.popit.mysociety.org/api/v0.1/organizations/za.org.pa.www/core_organisation/680,political,Western-Cape-Provincial-Committee,za.org.pa.www/core_organisation/680
General Intelligence Amendment Bill,http://www.pa.org.za/organisation/general-intelligence-amendment-bill/,http://za-new-import.popit.mysociety.org/api/v0.1/organizations/za.org.pa.www/core_organisation/179,,Ad Hoc Committees,za.org.pa.www/core_organisation/179
Health,http://www.pa.org.za/organisation/health/,http://za-new-import.popit.mysociety.org/api/v0.1/organizations/za.org.pa.www/core_organisation/180,political,National Assembly Committees,za.org.pa.www/core_organisation/180
Health Committee,http://www.pa.org.za/organisation/health-committee/,http://za-new-import.popit.mysociety.org/api/v0.1/organizations/za.org.pa.www/core_organisation/744,political,Kwazulu-Natal-Provincial-Legislature-Committee,za.org.pa.www/core_organisation/744
Higher Education,http://www.pa.org.za/organisation/higher-education/,http://za-new-import.popit.mysociety.org/api/v0.1/organizations/za.org.pa.www/core_organisation/181,political,National Assembly Committees,za.org.pa.www/core_organisation/181
Home Affairs,http://www.pa.org.za/organisation/home-affairs/,http://za-new-import.popit.mysociety.org/api/v0.1/organizations/za.org.pa.www/core_organisation/182,political,National Assembly Committees,za.org.pa.www/core_organisation/182
Human Settlement Committee,http://www.pa.org.za/organisation/human-settlement-committee/,http://za-new-import.popit.mysociety.org/api/v0.1/organizations/za.org.pa.www/core_organisation/748,political,Kwazulu-Natal-Provincial-Legislature-Committee,za.org.pa.www/core_organisation/748
Human Settlements,http://www.pa.org.za/organisation/human-settlements/,http://za-new-import.popit.mysociety.org/api/v0.1/organizations/za.org.pa.www/core_organisation/183,political,National Assembly Committees,za.org.pa.www/core_organisation/183
Intelligence Legislation,http://www.pa.org.za/organisation/intelligence-legislation/,http://za-new-import.popit.mysociety.org/api/v0.1/organizations/za.org.pa.www/core_organisation/184,,Ad Hoc Committees,za.org.pa.www/core_organisation/184
Intelligence Services Control Amendment Bill,http://www.pa.org.za/organisation/intelligence-services-control-amendment-bill/,http://za-new-import.popit.mysociety.org/api/v0.1/organizations/za.org.pa.www/core_organisation/185,,Ad Hoc Committees,za.org.pa.www/core_organisation/185
International Relations and Cooperation,http://www.pa.org.za/organisation/international-relations-and-cooperation/,http://za-new-import.popit.mysociety.org/api/v0.1/organizations/za.org.pa.www/core_organisation/186,political,National Assembly Committees,za.org.pa.www/core_organisation/186
Joint Committee on Constitutional Review,http://www.pa.org.za/organisation/joint-committee-on-constitutional-review/,http://za-new-import.popit.mysociety.org/api/v0.1/organizations/za.org.pa.www/core_organisation/135,political,Committee,za.org.pa.www/core_organisation/135
Joint Committee on Ethics and Members' Interests,http://www.pa.org.za/organisation/joint-committee-on-ethics-and-members-interests/,http://za-new-import.popit.mysociety.org/api/v0.1/organizations/za.org.pa.www/core_organisation/89,political,Committee,za.org.pa.www/core_organisation/89
Joint Committee on HIV and AIDS,http://www.pa.org.za/organisation/joint-committee-on-hiv-and-aids/,http://za-new-import.popit.mysociety.org/api/v0.1/organizations/za.org.pa.www/core_organisation/188,political,Joint Committees,za.org.pa.www/core_organisation/188
Joint Committee on the Executive Members Ethics Bill,http://www.pa.org.za/organisation/joint-committee-on-the-executive-members-ethics-bill/,http://za-new-import.popit.mysociety.org/api/v0.1/organizations/za.org.pa.www/core_organisation/189,,Ad Hoc Committees,za.org.pa.www/core_organisation/189
Joint Committe on Delegated Legislation,http://www.pa.org.za/organisation/joint-committe-on-delegated-legislation/,http://za-new-import.popit.mysociety.org/api/v0.1/organizations/za.org.pa.www/core_organisation/187,political,Joint Committees,za.org.pa.www/core_organisation/187
"Joint Monitoring Committee on Children, Youth and Persons with Disabilities",http://www.pa.org.za/organisation/joint-monitoring-committee-on-children-youth-and-persons-with-disabilities/,http://za-new-import.popit.mysociety.org/api/v0.1/organizations/za.org.pa.www/core_organisation/190,,Joint Committees,za.org.pa.www/core_organisation/190
Joint Rules,http://www.pa.org.za/organisation/joint-rules/,http://za-new-import.popit.mysociety.org/api/v0.1/organizations/za.org.pa.www/core_organisation/191,,Joint Committees,za.org.pa.www/core_organisation/191
Joint Standing Committee on Intelligence,http://www.pa.org.za/organisation/joint-standing-committee-on-intelligence/,http://za-new-import.popit.mysociety.org/api/v0.1/organizations/za.org.pa.www/core_organisation/117,political,Committee,za.org.pa.www/core_organisation/117
Joint Standing on Intelligence,http://www.pa.org.za/organisation/joint-standing-on-intelligence/,http://za-new-import.popit.mysociety.org/api/v0.1/organizations/za.org.pa.www/core_organisation/192,political,Joint Committees,za.org.pa.www/core_organisation/192
Justice and Constitutional Development,http://www.pa.org.za/organisation/justice-and-constitutional-development/,http://za-new-import.popit.mysociety.org/api/v0.1/organizations/za.org.pa.www/core_organisation/193,political,National Assembly Committees,za.org.pa.www/core_organisation/193
Labour,http://www.pa.org.za/organisation/labour/,http://za-new-import.popit.mysociety.org/api/v0.1/organizations/za.org.pa.www/core_organisation/194,political,National Assembly Committees,za.org.pa.www/core_organisation/194
Loc Gvt & Traditional Affairs,http://www.pa.org.za/organisation/loc-gvt-traditional-affairs/,http://za-new-import.popit.mysociety.org/api/v0.1/organizations/za.org.pa.www/core_organisation/741,political,Kwazulu-Natal-Provincial-Legislature-Committee,za.org.pa.www/core_organisation/741
Matters Relating to Ex-Mineworkers,http://www.pa.org.za/organisation/matters-relating-to-ex-mineworkers/,http://za-new-import.popit.mysociety.org/api/v0.1/organizations/za.org.pa.www/core_organisation/195,,Ad Hoc Committees,za.org.pa.www/core_organisation/195
Mining,http://www.pa.org.za/organisation/mining/,http://za-new-import.popit.mysociety.org/api/v0.1/organizations/za.org.pa.www/core_organisation/196,political,National Assembly Committees,za.org.pa.www/core_organisation/196
Monitoring Improvement of Quality of Life and Status of Women,http://www.pa.org.za/organisation/monitoring-improvement-of-quality-of-life-and-status-of-women/,http://za-new-import.popit.mysociety.org/api/v0.1/organizations/za.org.pa.www/core_organisation/197,,Joint Committees,za.org.pa.www/core_organisation/197
National Youth Development Agency,http://www.pa.org.za/organisation/national-youth-development-agency/,http://za-new-import.popit.mysociety.org/api/v0.1/organizations/za.org.pa.www/core_organisation/212,,Ad Hoc Committees,za.org.pa.www/core_organisation/212
NCOP Appropriations,http://www.pa.org.za/organisation/ncop-appropriations/,http://za-new-import.popit.mysociety.org/api/v0.1/organizations/za.org.pa.www/core_organisation/198,political,Ncop Committees,za.org.pa.www/core_organisation/198
NCOP Co-operative Governance and Traditional Affairs,http://www.pa.org.za/organisation/ncop-co-operative-governance-and-traditional-affairs/,http://za-new-import.popit.mysociety.org/api/v0.1/organizations/za.org.pa.www/core_organisation/199,political,Ncop Committees,za.org.pa.www/core_organisation/199
NCOP Economic Development,http://www.pa.org.za/organisation/ncop-economic-development/,http://za-new-import.popit.mysociety.org/api/v0.1/organizations/za.org.pa.www/core_organisation/200,political,Ncop Committees,za.org.pa.www/core_organisation/200
NCOP Education and Recreation,http://www.pa.org.za/organisation/ncop-education-and-recreation/,http://za-new-import.popit.mysociety.org/api/v0.1/organizations/za.org.pa.www/core_organisation/201,political,Ncop Committees,za.org.pa.www/core_organisation/201
NCOP Finance,http://www.pa.org.za/organisation/ncop-finance/,http://za-new-import.popit.mysociety.org/api/v0.1/organizations/za.org.pa.www/core_organisation/202,political,Ncop Committees,za.org.pa.www/core_organisation/202
NCOP Labour and Public Enterprises,http://www.pa.org.za/organisation/ncop-labour-and-public-enterprises/,http://za-new-import.popit.mysociety.org/api/v0.1/organizations/za.org.pa.www/core_organisation/203,political,Ncop Committees,za.org.pa.www/core_organisation/203
NCOP Land and Environmental Affairs,http://www.pa.org.za/organisation/ncop-land-and-environmental-affairs/,http://za-new-import.popit.mysociety.org/api/v0.1/organizations/za.org.pa.www/core_organisation/204,political,Ncop Committees,za.org.pa.www/core_organisation/204
NCOP Petitions and Private Members Legislative Proposals,http://www.pa.org.za/organisation/ncop-petitions-and-private-members-legislative-proposals/,http://za-new-import.popit.mysociety.org/api/v0.1/organizations/za.org.pa.www/core_organisation/205,political,Ncop Committees,za.org.pa.www/core_organisation/205
NCOP Public Services,http://www.pa.org.za/organisation/ncop-public-services/,http://za-new-import.popit.mysociety.org/api/v0.1/organizations/za.org.pa.www/core_organisation/206,political,Ncop Committees,za.org.pa.www/core_organisation/206
NCOP Rules of the National Council of Provinces,http://www.pa.org.za/organisation/ncop-rules-of-the-national-council-of-provinces/,http://za-new-import.popit.mysociety.org/api/v0.1/organizations/za.org.pa.www/core_organisation/207,,Ncop Committees,za.org.pa.www/core_organisation/207
NCOP Security and Constitutional Development,http://www.pa.org.za/organisation/ncop-security-and-constitutional-development/,http://za-new-import.popit.mysociety.org/api/v0.1/organizations/za.org.pa.www/core_organisation/208,political,Ncop Committees,za.org.pa.www/core_organisation/208
NCOP Social Services,http://www.pa.org.za/organisation/ncop-social-services/,http://za-new-import.popit.mysociety.org/api/v0.1/organizations/za.org.pa.www/core_organisation/209,political,Ncop Committees,za.org.pa.www/core_organisation/209
NCOP Trade and International Relations,http://www.pa.org.za/organisation/ncop-trade-and-international-relations/,http://za-new-import.popit.mysociety.org/api/v0.1/organizations/za.org.pa.www/core_organisation/210,political,Ncop Committees,za.org.pa.www/core_organisation/210
"NCOP Women, Children and People with Disabilities",http://www.pa.org.za/organisation/ncop-women-children-and-people-with-disabilities/,http://za-new-import.popit.mysociety.org/api/v0.1/organizations/za.org.pa.www/core_organisation/211,political,Ncop Committees,za.org.pa.www/core_organisation/211
Operational Problems in the Office of the Public Protector,http://www.pa.org.za/organisation/operational-problems-in-the-office-of-the-public-protector/,http://za-new-import.popit.mysociety.org/api/v0.1/organizations/za.org.pa.www/core_organisation/213,,Ad Hoc Committees,za.org.pa.www/core_organisation/213
Oversight & Accountability,http://www.pa.org.za/organisation/oversight-accountability/,http://za-new-import.popit.mysociety.org/api/v0.1/organizations/za.org.pa.www/core_organisation/214,,Ad Hoc Committees,za.org.pa.www/core_organisation/214
Pan-African Parliament (NA),http://www.pa.org.za/organisation/pan-african-parliament-na/,http://za-new-import.popit.mysociety.org/api/v0.1/organizations/za.org.pa.www/core_organisation/215,,Ad Hoc Committees,za.org.pa.www/core_organisation/215
Petitions Committee,http://www.pa.org.za/organisation/petitions-committee/,http://za-new-import.popit.mysociety.org/api/v0.1/organizations/za.org.pa.www/core_organisation/691,political,Western-Cape-Provincial-Legislature-Committee,za.org.pa.www/core_organisation/691
PMLPPP Committee,http://www.pa.org.za/organisation/pmlppp-committee/,http://za-new-import.popit.mysociety.org/api/v0.1/organizations/za.org.pa.www/core_organisation/745,political,Kwazulu-Natal-Provincial-Legislature-Committee,za.org.pa.www/core_organisation/745
Police,http://www.pa.org.za/organisation/police/,http://za-new-import.popit.mysociety.org/api/v0.1/organizations/za.org.pa.www/core_organisation/216,political,National Assembly Committees,za.org.pa.www/core_organisation/216
"Portfolio Committee On Agriculture, Forestry and Fisheries",http://www.pa.org.za/organisation/portfolio-committee-on-agriculture-forestry-and-fisheries/,http://za-new-import.popit.mysociety.org/api/v0.1/organizations/za.org.pa.www/core_organisation/111,political,Committee,za.org.pa.www/core_organisation/111
Portfolio Committee On Arts and Culture,http://www.pa.org.za/organisation/portfolio-committee-on-arts-and-culture/,http://za-new-import.popit.mysociety.org/api/v0.1/organizations/za.org.pa.www/core_organisation/110,political,Committee,za.org.pa.www/core_organisation/110
Portfolio Committee On Basic Education,http://www.pa.org.za/organisation/portfolio-committee-on-basic-education/,http://za-new-import.popit.mysociety.org/api/v0.1/organizations/za.org.pa.www/core_organisation/114,political,Committee,za.org.pa.www/core_organisation/114
Portfolio Committee On Communications,http://www.pa.org.za/organisation/portfolio-committee-on-communications/,http://za-new-import.popit.mysociety.org/api/v0.1/organizations/za.org.pa.www/core_organisation/113,political,Committee,za.org.pa.www/core_organisation/113
Portfolio Committee on Co-operative Governance and Traditional Affairs,http://www.pa.org.za/organisation/portfolio-committee-on-co-operative-governance-and-traditional-affairs/,http://za-new-import.popit.mysociety.org/api/v0.1/organizations/za.org.pa.www/core_organisation/137,political,Committee,za.org.pa.www/core_organisation/137
Portfolio Committee On Correctional Services,http://www.pa.org.za/organisation/portfolio-committee-on-correctional-services/,http://za-new-import.popit.mysociety.org/api/v0.1/organizations/za.org.pa.www/core_organisation/112,political,Committee,za.org.pa.www/core_organisation/112
Portfolio Committee On Defence and Military Veterans,http://www.pa.org.za/organisation/portfolio-committee-on-defence-and-military-veterans/,http://za-new-import.popit.mysociety.org/api/v0.1/organizations/za.org.pa.www/core_organisation/115,political,Committee,za.org.pa.www/core_organisation/115
Portfolio Committee On Economic Development,http://www.pa.org.za/organisation/portfolio-committee-on-economic-development/,http://za-new-import.popit.mysociety.org/api/v0.1/organizations/za.org.pa.www/core_organisation/123,political,Committee,za.org.pa.www/core_organisation/123
Portfolio Committee On Energy,http://www.pa.org.za/organisation/portfolio-committee-on-energy/,http://za-new-import.popit.mysociety.org/api/v0.1/organizations/za.org.pa.www/core_organisation/100,political,Committee,za.org.pa.www/core_organisation/100
Portfolio Committee on Finance,http://www.pa.org.za/organisation/portfolio-committee-on-finance/,http://za-new-import.popit.mysociety.org/api/v0.1/organizations/za.org.pa.www/core_organisation/95,political,Committee,za.org.pa.www/core_organisation/95
Portfolio Committee On Health,http://www.pa.org.za/organisation/portfolio-committee-on-health/,http://za-new-import.popit.mysociety.org/api/v0.1/organizations/za.org.pa.www/core_organisation/126,political,Committee,za.org.pa.www/core_organisation/126
Portfolio Committee On Higher Education and Training,http://www.pa.org.za/organisation/portfolio-committee-on-higher-education-and-training/,http://za-new-import.popit.mysociety.org/api/v0.1/organizations/za.org.pa.www/core_organisation/91,political,Committee,za.org.pa.www/core_organisation/91
Portfolio Committee On Home Affairs,http://www.pa.org.za/organisation/portfolio-committee-on-home-affairs/,http://za-new-import.popit.mysociety.org/api/v0.1/organizations/za.org.pa.www/core_organisation/129,political,Committee,za.org.pa.www/core_organisation/129
Portfolio Committee On Human Settlements,http://www.pa.org.za/organisation/portfolio-committee-on-human-settlements/,http://za-new-import.popit.mysociety.org/api/v0.1/organizations/za.org.pa.www/core_organisation/128,political,Committee,za.org.pa.www/core_organisation/128
Portfolio Committee On International Relations and Co-operation,http://www.pa.org.za/organisation/portfolio-committee-on-international-relations-and-co-operation/,http://za-new-import.popit.mysociety.org/api/v0.1/organizations/za.org.pa.www/core_organisation/127,political,Committee,za.org.pa.www/core_organisation/127
Portfolio Committee On Justice and Constitutional Development,http://www.pa.org.za/organisation/portfolio-committee-on-justice-and-constitutional-development/,http://za-new-import.popit.mysociety.org/api/v0.1/organizations/za.org.pa.www/core_organisation/131,political,Committee,za.org.pa.www/core_organisation/131
Portfolio Committee On Labour,http://www.pa.org.za/organisation/portfolio-committee-on-labour/,http://za-new-import.popit.mysociety.org/api/v0.1/organizations/za.org.pa.www/core_organisation/130,political,Committee,za.org.pa.www/core_organisation/130
Portfolio Committee On Mining,http://www.pa.org.za/organisation/portfolio-committee-on-mining/,http://za-new-import.popit.mysociety.org/api/v0.1/organizations/za.org.pa.www/core_organisation/94,political,Committee,za.org.pa.www/core_organisation/94
Portfolio Committee On Police,http://www.pa.org.za/organisation/portfolio-committee-on-police/,http://za-new-import.popit.mysociety.org/api/v0.1/organizations/za.org.pa.www/core_organisation/97,political,Committee,za.org.pa.www/core_organisation/97
Portfolio Committee On Public Enterprises,http://www.pa.org.za/organisation/portfolio-committee-on-public-enterprises/,http://za-new-import.popit.mysociety.org/api/v0.1/organizations/za.org.pa.www/core_organisation/101,political,Committee,za.org.pa.www/core_organisation/101
Portfolio Committee On Public Service and Administration,http://www.pa.org.za/organisation/portfolio-committee-on-public-service-and-administration/,http://za-new-import.popit.mysociety.org/api/v0.1/organizations/za.org.pa.www/core_organisation/102,political,Committee,za.org.pa.www/core_organisation/102
Portfolio Committee On Public Works,http://www.pa.org.za/organisation/portfolio-committee-on-public-works/,http://za-new-import.popit.mysociety.org/api/v0.1/organizations/za.org.pa.www/core_organisation/96,political,Committee,za.org.pa.www/core_organisation/96
Portfolio Committee On Rural Development and Land Reform,http://www.pa.org.za/organisation/portfolio-committee-on-rural-development-and-land-reform/,http://za-new-import.popit.mysociety.org/api/v0.1/organizations/za.org.pa.www/core_organisation/92,political,Committee,za.org.pa.www/core_organisation/92
Portfolio Committee On Science and Technology,http://www.pa.org.za/organisation/portfolio-committee-on-science-and-technology/,http://za-new-import.popit.mysociety.org/api/v0.1/organizations/za.org.pa.www/core_organisation/98,political,Committee,za.org.pa.www/core_organisation/98
Portfolio Committee On Social Development,http://www.pa.org.za/organisation/portfolio-committee-on-social-development/,http://za-new-import.popit.mysociety.org/api/v0.1/organizations/za.org.pa.www/core_organisation/99,political,Committee,za.org.pa.www/core_organisation/99
Portfolio Committee On Sport and Recreation,http://www.pa.org.za/organisation/portfolio-committee-on-sport-and-recreation/,http://za-new-import.popit.mysociety.org/api/v0.1/organizations/za.org.pa.www/core_organisation/106,political,Committee,za.org.pa.www/core_organisation/106
Portfolio Committee On Tourism,http://www.pa.org.za/organisation/portfolio-committee-on-tourism/,http://za-new-import.popit.mysociety.org/api/v0.1/organizations/za.org.pa.www/core_organisation/93,political,Committee,za.org.pa.www/core_organisation/93
Portfolio Committee On Trade and Industry,http://www.pa.org.za/organisation/portfolio-committee-on-trade-and-industry/,http://za-new-import.popit.mysociety.org/api/v0.1/organizations/za.org.pa.www/core_organisation/107,political,Committee,za.org.pa.www/core_organisation/107
Portfolio Committee On Transport,http://www.pa.org.za/organisation/portfolio-committee-on-transport/,http://za-new-import.popit.mysociety.org/api/v0.1/organizations/za.org.pa.www/core_organisation/133,political,Committee,za.org.pa.www/core_organisation/133
Portfolio Committee On Water and Environmental Affairs,http://www.pa.org.za/organisation/portfolio-committee-on-water-and-environmental-affairs/,http://za-new-import.popit.mysociety.org/api/v0.1/organizations/za.org.pa.www/core_organisation/132,political,Committee,za.org.pa.www/core_organisation/132
"Portfolio Committee On Women, Youth, Children and People with Disabilities",http://www.pa.org.za/organisation/portfolio-committee-on-women-youth-children-and-people-with-disabilities/,http://za-new-import.popit.mysociety.org/api/v0.1/organizations/za.org.pa.www/core_organisation/122,political,Committee,za.org.pa.www/core_organisation/122
Powers and Privileges of Parliament,http://www.pa.org.za/organisation/powers-and-privileges-of-parliament/,http://za-new-import.popit.mysociety.org/api/v0.1/organizations/za.org.pa.www/core_organisation/217,,Ad Hoc Committees,za.org.pa.www/core_organisation/217
Premier and Royal Household Committee,http://www.pa.org.za/organisation/premier-and-royal-household-committee/,http://za-new-import.popit.mysociety.org/api/v0.1/organizations/za.org.pa.www/core_organisation/738,political,Kwazulu-Natal-Provincial-Legislature-Committee,za.org.pa.www/core_organisation/738
Presidency,http://www.pa.org.za/organisation/presidency/,http://za-new-import.popit.mysociety.org/api/v0.1/organizations/za.org.pa.www/core_organisation/218,,Ad Hoc Committees,za.org.pa.www/core_organisation/218
Presidency - National Planning Commission,http://www.pa.org.za/organisation/presidency-national-planning-commission/,http://za-new-import.popit.mysociety.org/api/v0.1/organizations/za.org.pa.www/core_organisation/219,,Ad Hoc Committees,za.org.pa.www/core_organisation/219
Presidency - Performance Monitoring and Evaluation,http://www.pa.org.za/organisation/presidency-performance-monitoring-and-evaluation/,http://za-new-import.popit.mysociety.org/api/v0.1/organizations/za.org.pa.www/core_organisation/220,,Ad Hoc Committees,za.org.pa.www/core_organisation/220
Prevention of Organised Crime Second Amendment Bill,http://www.pa.org.za/organisation/prevention-of-organised-crime-second-amendment-bill/,http://za-new-import.popit.mysociety.org/api/v0.1/organizations/za.org.pa.www/core_organisation/221,,Ad Hoc Committees,za.org.pa.www/core_organisation/221
Private Members' Legislative Proposals and Special Petitions,http://www.pa.org.za/organisation/private-members-legislative-proposals-and-special-petitions/,http://za-new-import.popit.mysociety.org/api/v0.1/organizations/za.org.pa.www/core_organisation/222,political,National Assembly Committees,za.org.pa.www/core_organisation/222
Promotion of Access to Information Bill (Open Democracy Bill),http://www.pa.org.za/organisation/promotion-of-access-to-information-bill-open-democracy-bill/,http://za-new-import.popit.mysociety.org/api/v0.1/organizations/za.org.pa.www/core_organisation/223,,Ad Hoc Committees,za.org.pa.www/core_organisation/223
Promotion of Equality and Prevention of Unfair Discrimination Bill,http://www.pa.org.za/organisation/promotion-of-equality-and-prevention-of-unfair-discrimination-bill/,http://za-new-import.popit.mysociety.org/api/v0.1/organizations/za.org.pa.www/core_organisation/224,,Ad Hoc Committees,za.org.pa.www/core_organisation/224
Provincial Treasury,http://www.pa.org.za/organisation/provincial-treasury/,http://za-new-import.popit.mysociety.org/api/v0.1/organizations/za.org.pa.www/core_organisation/701,political,Western-Cape-Provincial-Committee,za.org.pa.www/core_organisation/701
Public Accounts,http://www.pa.org.za/organisation/public-accounts/,http://za-new-import.popit.mysociety.org/api/v0.1/organizations/za.org.pa.www/core_organisation/225,political,National Assembly Committees,za.org.pa.www/core_organisation/225
Public Accounts Committee,http://www.pa.org.za/organisation/public-accounts-committee/,http://za-new-import.popit.mysociety.org/api/v0.1/organizations/za.org.pa.www/core_organisation/686,political,Western-Cape-Provincial-Legislature-Committee,za.org.pa.www/core_organisation/686
Public Accounts Committee Alt,http://www.pa.org.za/organisation/public-accounts-committee-alt/,http://za-new-import.popit.mysociety.org/api/v0.1/organizations/za.org.pa.www/core_organisation/705,political,Western-Cape-Provincial-Committee,za.org.pa.www/core_organisation/705
Public Audit Function,http://www.pa.org.za/organisation/public-audit-function/,http://za-new-import.popit.mysociety.org/api/v0.1/organizations/za.org.pa.www/core_organisation/226,,Ad Hoc Committees,za.org.pa.www/core_organisation/226
Public Enterprises,http://www.pa.org.za/organisation/public-enterprises/,http://za-new-import.popit.mysociety.org/api/v0.1/organizations/za.org.pa.www/core_organisation/227,political,National Assembly Committees,za.org.pa.www/core_organisation/227
Public Protector Report on National Prosecuting Authority,http://www.pa.org.za/organisation/public-protector-report-on-national-prosecuting-authority/,http://za-new-import.popit.mysociety.org/api/v0.1/organizations/za.org.pa.www/core_organisation/228,,Ad Hoc Committees,za.org.pa.www/core_organisation/228
Public Service and Administration,http://www.pa.org.za/organisation/public-service-and-administration/,http://za-new-import.popit.mysociety.org/api/v0.1/organizations/za.org.pa.www/core_organisation/229,political,National Assembly Committees,za.org.pa.www/core_organisation/229
Public Works,http://www.pa.org.za/organisation/public-works/,http://za-new-import.popit.mysociety.org/api/v0.1/organizations/za.org.pa.www/core_organisation/230,political,National Assembly Committees,za.org.pa.www/core_organisation/230
Public Works Committee,http://www.pa.org.za/organisation/public-works-committee/,http://za-new-import.popit.mysociety.org/api/v0.1/organizations/za.org.pa.www/core_organisation/752,political,Kwazulu-Natal-Provincial-Legislature-Committee,za.org.pa.www/core_organisation/752
Quality of Life Committee,http://www.pa.org.za/organisation/quality-of-life-committee/,http://za-new-import.popit.mysociety.org/api/v0.1/organizations/za.org.pa.www/core_organisation/746,political,Kwazulu-Natal-Provincial-Legislature-Committee,za.org.pa.www/core_organisation/746
Reparation Committee,http://www.pa.org.za/organisation/reparation-committee/,http://za-new-import.popit.mysociety.org/api/v0.1/organizations/za.org.pa.www/core_organisation/231,,Ad Hoc Committees,za.org.pa.www/core_organisation/231
Report 13 of Public Protector,http://www.pa.org.za/organisation/report-13-of-public-protector/,http://za-new-import.popit.mysociety.org/api/v0.1/organizations/za.org.pa.www/core_organisation/232,,Ad Hoc Committees,za.org.pa.www/core_organisation/232
Report of SA Law Commission on Surrogate Motherhood,http://www.pa.org.za/organisation/report-of-sa-law-commission-on-surrogate-motherhood/,http://za-new-import.popit.mysociety.org/api/v0.1/organizations/za.org.pa.www/core_organisation/233,,Ad Hoc Committees,za.org.pa.www/core_organisation/233
Review of State Institutions Supporting Constitutional Democracy,http://www.pa.org.za/organisation/review-of-state-institutions-supporting-constitutional-democracy/,http://za-new-import.popit.mysociety.org/api/v0.1/organizations/za.org.pa.www/core_organisation/234,,Ad Hoc Committees,za.org.pa.www/core_organisation/234
Rules Committee,http://www.pa.org.za/organisation/rules-committee/,http://za-new-import.popit.mysociety.org/api/v0.1/organizations/za.org.pa.www/core_organisation/681,political,Western-Cape-Provincial-Committee,za.org.pa.www/core_organisation/681
Rules of the National Assembly,http://www.pa.org.za/organisation/rules-of-the-national-assembly/,http://za-new-import.popit.mysociety.org/api/v0.1/organizations/za.org.pa.www/core_organisation/235,political,National Assembly Committees,za.org.pa.www/core_organisation/235
Rural Development and Land Reform,http://www.pa.org.za/organisation/rural-development-and-land-reform/,http://za-new-import.popit.mysociety.org/api/v0.1/organizations/za.org.pa.www/core_organisation/236,political,National Assembly Committees,za.org.pa.www/core_organisation/236
Science and Technology,http://www.pa.org.za/organisation/science-and-technology/,http://za-new-import.popit.mysociety.org/api/v0.1/organizations/za.org.pa.www/core_organisation/237,political,National Assembly Committees,za.org.pa.www/core_organisation/237
SCOPA Committee,http://www.pa.org.za/organisation/scopa-committee/,http://za-new-import.popit.mysociety.org/api/v0.1/organizations/za.org.pa.www/core_organisation/736,political,Kwazulu-Natal-Provincial-Legislature-Committee,za.org.pa.www/core_organisation/736
Select Committee On Appropriations,http://www.pa.org.za/organisation/select-committee-on-appropriations/,http://za-new-import.popit.mysociety.org/api/v0.1/organizations/za.org.pa.www/core_organisation/124,political,Committee,za.org.pa.www/core_organisation/124
Select Committee on Co-operative Governance and Traditional Affairs,http://www.pa.org.za/organisation/select-committee-on-co-operative-governance-and-traditional-affairs/,http://za-new-import.popit.mysociety.org/api/v0.1/organizations/za.org.pa.www/core_organisation/120,political,Committee,za.org.pa.www/core_organisation/120
Select Committee On Economic Development,http://www.pa.org.za/organisation/select-committee-on-economic-development/,http://za-new-import.popit.mysociety.org/api/v0.1/organizations/za.org.pa.www/core_organisation/108,political,Committee,za.org.pa.www/core_organisation/108
Select Committee On Education And Recreation,http://www.pa.org.za/organisation/select-committee-on-education-and-recreation/,http://za-new-import.popit.mysociety.org/api/v0.1/organizations/za.org.pa.www/core_organisation/109,political,Committee,za.org.pa.www/core_organisation/109
Select Committee on Finance,http://www.pa.org.za/organisation/select-committee-on-finance/,http://za-new-import.popit.mysociety.org/api/v0.1/organizations/za.org.pa.www/core_organisation/116,political,Committee,za.org.pa.www/core_organisation/116
Select Committee On Labour And Public Enterprises,http://www.pa.org.za/organisation/select-committee-on-labour-and-public-enterprises/,http://za-new-import.popit.mysociety.org/api/v0.1/organizations/za.org.pa.www/core_organisation/88,political,Committee,za.org.pa.www/core_organisation/88
Select Committee On Land And Environmental Affairs,http://www.pa.org.za/organisation/select-committee-on-land-and-environmental-affairs/,http://za-new-import.popit.mysociety.org/api/v0.1/organizations/za.org.pa.www/core_organisation/103,political,Committee,za.org.pa.www/core_organisation/103
Select Committee On Public Services,http://www.pa.org.za/organisation/select-committee-on-public-services/,http://za-new-import.popit.mysociety.org/api/v0.1/organizations/za.org.pa.www/core_organisation/104,political,Committee,za.org.pa.www/core_organisation/104
Select Committee On Security And Constitutional Development,http://www.pa.org.za/organisation/select-committee-on-security-and-constitutional-development/,http://za-new-import.popit.mysociety.org/api/v0.1/organizations/za.org.pa.www/core_organisation/105,political,Committee,za.org.pa.www/core_organisation/105
Select Committee On Social Services,http://www.pa.org.za/organisation/select-committee-on-social-services/,http://za-new-import.popit.mysociety.org/api/v0.1/organizations/za.org.pa.www/core_organisation/87,political,Committee,za.org.pa.www/core_organisation/87
Select Committee On Trade And International Relations,http://www.pa.org.za/organisation/select-committee-on-trade-and-international-relations/,http://za-new-import.popit.mysociety.org/api/v0.1/organizations/za.org.pa.www/core_organisation/121,political,Committee,za.org.pa.www/core_organisation/121
"Select Committee on Women, Children and People with Disabilities",http://www.pa.org.za/organisation/select-committee-on-women-children-and-people-with-disabilities/,http://za-new-import.popit.mysociety.org/api/v0.1/organizations/za.org.pa.www/core_organisation/119,political,Committee,za.org.pa.www/core_organisation/119
Social Development,http://www.pa.org.za/organisation/social-development/,http://za-new-import.popit.mysociety.org/api/v0.1/organizations/za.org.pa.www/core_organisation/238,political,National Assembly Committees,za.org.pa.www/core_organisation/238
Social Development Committee,http://www.pa.org.za/organisation/social-development-committee/,http://za-new-import.popit.mysociety.org/api/v0.1/organizations/za.org.pa.www/core_organisation/747,political,Kwazulu-Natal-Provincial-Legislature-Committee,za.org.pa.www/core_organisation/747
Sport and Recreation,http://www.pa.org.za/organisation/sport-and-recreation/,http://za-new-import.popit.mysociety.org/api/v0.1/organizations/za.org.pa.www/core_organisation/239,political,National Assembly Committees,za.org.pa.www/core_organisation/239
Sports and Recreation Committee,http://www.pa.org.za/organisation/sports-and-recreation-committee/,http://za-new-import.popit.mysociety.org/api/v0.1/organizations/za.org.pa.www/core_organisation/749,political,Kwazulu-Natal-Provincial-Legislature-Committee,za.org.pa.www/core_organisation/749
Standing Committee on Agriculture,http://www.pa.org.za/organisation/standing-committee-on-agriculture/,http://za-new-import.popit.mysociety.org/api/v0.1/organizations/za.org.pa.www/core_organisation/704,political,Western-Cape-Provincial-Committee,za.org.pa.www/core_organisation/704
Standing Committee on Agriculture and environmental Planning,http://www.pa.org.za/organisation/standing-committee-on-agriculture-and-environmental-planning/,http://za-new-import.popit.mysociety.org/api/v0.1/organizations/za.org.pa.www/core_organisation/687,political,Western-Cape-Provincial-Legislature-Committee,za.org.pa.www/core_organisation/687
Standing Committee on Appropriations,http://www.pa.org.za/organisation/standing-committee-on-appropriations/,http://za-new-import.popit.mysociety.org/api/v0.1/organizations/za.org.pa.www/core_organisation/136,political,Committee,za.org.pa.www/core_organisation/136
Standing Committee on Auditor General,http://www.pa.org.za/organisation/standing-committee-on-auditor-general/,http://za-new-import.popit.mysociety.org/api/v0.1/organizations/za.org.pa.www/core_organisation/240,political,National Assembly Committees,za.org.pa.www/core_organisation/240
Standing Committee on Community Development,http://www.pa.org.za/organisation/standing-committee-on-community-development/,http://za-new-import.popit.mysociety.org/api/v0.1/organizations/za.org.pa.www/core_organisation/688,political,Western-Cape-Provincial-Legislature-Committee,za.org.pa.www/core_organisation/688
Standing Committee on Community Safety,http://www.pa.org.za/organisation/standing-committee-on-community-safety/,http://za-new-import.popit.mysociety.org/api/v0.1/organizations/za.org.pa.www/core_organisation/682,political,Western-Cape-Provincial-Committee,za.org.pa.www/core_organisation/682
Standing Committee on Cultural Affairs and Sport,http://www.pa.org.za/organisation/standing-committee-on-cultural-affairs-and-sport/,http://za-new-import.popit.mysociety.org/api/v0.1/organizations/za.org.pa.www/core_organisation/708,political,Western-Cape-Provincial-Committee,za.org.pa.www/core_organisation/708
Standing Committee on Education,http://www.pa.org.za/organisation/standing-committee-on-education/,http://za-new-import.popit.mysociety.org/api/v0.1/organizations/za.org.pa.www/core_organisation/689,political,Western-Cape-Provincial-Legislature-Committee,za.org.pa.www/core_organisation/689
Standing Committee on Environmental Affairs and Development Planning,http://www.pa.org.za/organisation/standing-committee-on-environmental-affairs-and-development-planning/,http://za-new-import.popit.mysociety.org/api/v0.1/organizations/za.org.pa.www/core_organisation/706,political,Western-Cape-Provincial-Committee,za.org.pa.www/core_organisation/706
Standing Committee On Finance,http://www.pa.org.za/organisation/standing-committee-on-finance/,http://za-new-import.popit.mysociety.org/api/v0.1/organizations/za.org.pa.www/core_organisation/118,political,Committee,za.org.pa.www/core_organisation/118
Standing Committee on Finance and Economic Development,http://www.pa.org.za/organisation/standing-committee-on-finance-and-economic-development/,http://za-new-import.popit.mysociety.org/api/v0.1/organizations/za.org.pa.www/core_organisation/695,political,Western-Cape-Provincial-Committee,za.org.pa.www/core_organisation/695
Standing Committee on Finance and Economic Development Alt,http://www.pa.org.za/organisation/standing-committee-on-finance-and-economic-development-alt/,http://za-new-import.popit.mysociety.org/api/v0.1/organizations/za.org.pa.www/core_organisation/707,political,Western-Cape-Provincial-Committee,za.org.pa.www/core_organisation/707
Standing Committee on Health,http://www.pa.org.za/organisation/standing-committee-on-health/,http://za-new-import.popit.mysociety.org/api/v0.1/organizations/za.org.pa.www/core_organisation/692,political,Western-Cape-Provincial-Legislature-Committee,za.org.pa.www/core_organisation/692
Standing Committee on Human Settlement,http://www.pa.org.za/organisation/standing-committee-on-human-settlement/,http://za-new-import.popit.mysociety.org/api/v0.1/organizations/za.org.pa.www/core_organisation/696,political,Western-Cape-Provincial-Committee,za.org.pa.www/core_organisation/696
Standing Committee on Local Government,http://www.pa.org.za/organisation/standing-committee-on-local-government/,http://za-new-import.popit.mysociety.org/api/v0.1/organizations/za.org.pa.www/core_organisation/698,political,Western-Cape-Provincial-Legislature-Committee,za.org.pa.www/core_organisation/698
Standing Committee on Local Government Oversight,http://www.pa.org.za/organisation/standing-committee-on-local-government-oversight/,http://za-new-import.popit.mysociety.org/api/v0.1/organizations/za.org.pa.www/core_organisation/697,political,Western-Cape-Provincial-Legislature-Committee,za.org.pa.www/core_organisation/697
Standing Committee on Local Government Oversight Alt,http://www.pa.org.za/organisation/standing-committee-on-local-government-oversight-alt/,http://za-new-import.popit.mysociety.org/api/v0.1/organizations/za.org.pa.www/core_organisation/711,political,Western-Cape-Provincial-Committee,za.org.pa.www/core_organisation/711
Standing Committee on Premier,http://www.pa.org.za/organisation/standing-committee-on-premier/,http://za-new-import.popit.mysociety.org/api/v0.1/organizations/za.org.pa.www/core_organisation/683,political,Western-Cape-Provincial-Committee,za.org.pa.www/core_organisation/683
Standing Committee on Public Accounts,http://www.pa.org.za/organisation/standing-committee-on-public-accounts/,http://za-new-import.popit.mysociety.org/api/v0.1/organizations/za.org.pa.www/core_organisation/125,political,Committee,za.org.pa.www/core_organisation/125
Standing Committee on Social Development,http://www.pa.org.za/organisation/standing-committee-on-social-development/,http://za-new-import.popit.mysociety.org/api/v0.1/organizations/za.org.pa.www/core_organisation/690,political,Western-Cape-Provincial-Committee,za.org.pa.www/core_organisation/690
State Security,http://www.pa.org.za/organisation/state-security/,http://za-new-import.popit.mysociety.org/api/v0.1/organizations/za.org.pa.www/core_organisation/241,,National Assembly Committees,za.org.pa.www/core_organisation/241
Task Group on Sexual Abuse of Children,http://www.pa.org.za/organisation/task-group-on-sexual-abuse-of-children/,http://za-new-import.popit.mysociety.org/api/v0.1/organizations/za.org.pa.www/core_organisation/242,,Ad Hoc Committees,za.org.pa.www/core_organisation/242
Tourism,http://www.pa.org.za/organisation/tourism/,http://za-new-import.popit.mysociety.org/api/v0.1/organizations/za.org.pa.www/core_organisation/243,political,National Assembly Committees,za.org.pa.www/core_organisation/243
Trade and Industry,http://www.pa.org.za/organisation/trade-and-industry/,http://za-new-import.popit.mysociety.org/api/v0.1/organizations/za.org.pa.www/core_organisation/244,political,National Assembly Committees,za.org.pa.www/core_organisation/244
Transport,http://www.pa.org.za/organisation/transport/,http://za-new-import.popit.mysociety.org/api/v0.1/organizations/za.org.pa.www/core_organisation/245,political,National Assembly Committees,za.org.pa.www/core_organisation/245
Transport and Public Works,http://www.pa.org.za/organisation/transport-and-public-works/,http://za-new-import.popit.mysociety.org/api/v0.1/organizations/za.org.pa.www/core_organisation/702,political,Western-Cape-Provincial-Committee,za.org.pa.www/core_organisation/702
Transport Committee,http://www.pa.org.za/organisation/transport-committee/,http://za-new-import.popit.mysociety.org/api/v0.1/organizations/za.org.pa.www/core_organisation/737,political,Kwazulu-Natal-Provincial-Legislature-Committee,za.org.pa.www/core_organisation/737
Water Affairs and Environmental Affairs,http://www.pa.org.za/organisation/water-affairs-and-environmental-affairs/,http://za-new-import.popit.mysociety.org/api/v0.1/organizations/za.org.pa.www/core_organisation/246,political,National Assembly Committees,za.org.pa.www/core_organisation/246
"Women, Youth, Children and People with Disability",http://www.pa.org.za/organisation/women-youth-children-and-people-with-disability/,http://za-new-import.popit.mysociety.org/api/v0.1/organizations/za.org.pa.www/core_organisation/247,political,National Assembly Committees,za.org.pa.www/core_organisation/247
Working Group on African Union,http://www.pa.org.za/organisation/working-group-on-african-union/,http://za-new-import.popit.mysociety.org/api/v0.1/organizations/za.org.pa.www/core_organisation/248,,Ad Hoc Committees,za.org.pa.www/core_organisation/248
Works Committee,http://www.pa.org.za/organisation/works-committee/,http://za-new-import.popit.mysociety.org/api/v0.1/organizations/za.org.pa.www/core_organisation/751,political,Kwazulu-Natal-Provincial-Legislature-Committee,za.org.pa.www/core_organisation/751
